Date,open,high,low,close,Adj Close,Volume,mean_candle,label,action,%body,%upper-shadow,%lower-shadow,MA,trend
2018-01-02,1053.02002,1075.97998,1053.02002,1073.209961,1073.209961,1588300,1073.209961,[],None,0.8793543629866938,0.12064563701330625,0.0,,0
2018-01-03,1073.930054,1096.099976,1073.430054,1091.52002,1091.52002,1565900,1091.52002,[],None,0.7759164764660403,0.20202786758595948,0.022055655948000134,,0
2018-01-04,1097.089966,1104.079956,1094.26001,1095.76001,1095.76001,1302600,1095.76001,['shooting star'],None,0.13543414597188502,0.7118155232218164,0.15275033080629863,,0
2018-01-05,1103.449951,1113.579956,1101.800049,1110.290039,1110.290039,1512500,1110.290039,[],None,0.5806572157148497,0.27928208601307575,0.14006069827207446,,0
2018-01-08,1111.0,1119.160034,1110.0,1114.209961,1114.209961,1232200,1114.209961,['inverse hammer'],None,0.35043112285391326,0.5403989766850186,0.10916990046106821,,0
2018-01-09,1118.439941,1118.439941,1108.199951,1112.790039,1112.790039,1340400,1112.790039,[],None,0.551748781004678,0.0,0.44825121899532205,,0
2018-01-10,1107.0,1112.780029,1103.97998,1110.140015,1110.140015,1036700,1110.140015,[],None,0.3568178995366922,0.2999999204549976,0.34318218000831024,,0
2018-01-11,1112.310059,1114.849976,1106.47998,1112.050049,1112.050049,1121200,1112.050049,[],None,0.03106453097468251,0.30345498372999097,0.6654804852953266,,0
2018-01-12,1110.099976,1131.300049,1108.01001,1130.650024,1130.650024,1929300,1130.650024,['bullish engulfing'],None,0.882353524611963,0.027910000494199033,0.08973647489383792,,0
2018-01-16,1140.310059,1148.880005,1126.660034,1130.699951,1130.699951,1823100,1130.699951,[],None,0.43249867427819144,0.3856866419852698,0.18181468373653872,,0
2018-01-17,1136.359985,1139.319946,1123.48999,1139.099976,1139.099976,1391500,1139.099976,"['hammer', 'bullish harami']",None,0.17308898394916017,0.01389580615385807,0.8130152098969817,,0
2018-01-18,1139.349976,1140.589966,1124.459961,1135.969971,1135.969971,1374900,1135.969971,"['hanging man', 'dark cloud cover', 'bearish engulfing']",None,0.20954767217988998,0.07687474368421061,0.7135775841358994,,0
2018-01-19,1138.030029,1143.780029,1132.5,1143.5,1143.5,1527600,1143.5,[],None,0.4849252603871834,0.02482520213378998,0.49024953747902655,,0
2018-01-22,1143.819946,1166.880005,1141.819946,1164.160034,1164.160034,1477500,1164.160034,[],None,0.8116536357715677,0.10853809242827388,0.07980827180015845,,0
2018-01-23,1170.619995,1178.51001,1167.25,1176.170044,1176.170044,1956900,1176.170044,['three white soldiers'],None,0.49289911820681875,0.2078120712148578,0.2992888105783234,,0
2018-01-24,1184.97998,1187.050049,1167.400024,1171.290039,1171.290039,1856400,1171.290039,['dark cloud cover'],None,0.6966882230429808,0.1053468888716368,0.19796488808538235,,0
2018-01-25,1180.709961,1185.0,1171.839966,1182.140015,1182.140015,1499200,1182.140015,['bullish harami'],None,0.10866643657607022,0.2173235266717436,0.6740100367521862,,0
2018-01-26,1187.530029,1187.560059,1168.030029,1187.560059,1187.560059,2108500,1187.560059,['doji'],None,0.0015376320466428946,0.0,0.9984623679533571,,0
2018-01-29,1188.0,1198.0,1184.060059,1186.47998,1186.47998,1574700,1186.47998,"['shooting star', 'bearish engulfing']",None,0.10904063367269069,0.7173631509631164,0.17359621536419292,,0
2018-01-30,1177.719971,1187.930054,1174.51001,1177.369995,1177.369995,1866900,1177.369995,[],None,0.026078603020971515,0.7608084593463307,0.21311293763269776,1137.2530091,0
2018-01-31,1183.810059,1186.319946,1172.099976,1182.219971,1182.219971,1801100,1182.219971,['hanging man'],None,0.11182077036730119,0.17650438081094014,0.7116748488217587,1142.7035096,0
2018-02-01,1175.98999,1187.449951,1169.359985,1181.589966,1181.589966,3675700,1181.589966,[],None,0.30956254975824543,0.32393565582157813,0.36650179442017644,1147.2070069,0
2018-02-02,1127.420044,1131.300049,1111.170044,1119.199951,1119.199951,5892100,1119.199951,[],None,0.4083502711499532,0.19274734407666497,0.39890238477338186,1148.37900395,0
2018-02-05,1100.609985,1114.98999,1056.73999,1062.390015,1062.390015,4177500,1062.390015,[],None,0.6561368240343365,0.24686703862660914,0.09699613733905432,1145.98400275,0
2018-02-06,1033.97998,1087.380005,1030.01001,1084.430054,1084.430054,3831500,1084.430054,['piercing line'],None,0.8793808331341121,0.05141975347914977,0.06919941338673817,1144.4950074,0
2018-02-07,1084.969971,1086.530029,1054.619995,1055.410034,1055.410034,2597100,1055.410034,[],None,0.9263524131625805,0.04888926160342,0.024758325233999404,1141.62600715,0
2018-02-08,1059.869995,1063.930054,1004.7000119999999,1007.7100220000001,1007.7100220000001,3339600,1007.7100220000001,[],None,0.8806337331315737,0.06854729226766222,0.050818974600764115,1136.5045075,0
2018-02-09,1025.880005,1051.719971,997.0,1046.27002,1046.27002,4918000,1046.27002,"['hammer', 'bullish harami']",None,0.3726247406088712,0.09959711053209544,0.5277781488590334,1133.21550605,0
2018-02-12,1056.670044,1065.569946,1045.48999,1054.560059,1054.560059,2812000,1054.560059,[],None,0.10507916451609992,0.44322318236155966,0.45169765312234045,1129.4110077999999,0
2018-02-13,1050.0,1061.219971,1046.920044,1054.140015,1054.140015,1579300,1054.140015,[],None,0.28951301639511456,0.49510434563757044,0.215382637967315,1125.5830110000002,0
2018-02-14,1054.319946,1075.469971,1049.800049,1072.699951,1072.699951,2065200,1072.699951,[],None,0.716013278108128,0.10790917089658188,0.17607755099529016,1122.26300975,0
2018-02-15,1083.449951,1094.099976,1067.22998,1091.359985,1091.359985,1869800,1091.359985,"['hammer', 'three white soldiers']",None,0.294381659007319,0.1019721402265906,0.6036462007660904,1120.03251045,0
2018-02-16,1093.380005,1108.310059,1091.550049,1095.5,1095.5,1997400,1095.5,"['inverse hammer', 'three white soldiers']",None,0.12649127297656873,0.7643228733157043,0.10918585370772703,1117.63251045,0
2018-02-20,1092.76001,1116.290039,1090.0,1103.589966,1103.589966,1687700,1103.589966,['three white soldiers'],None,0.41194142009450985,0.4830754720447537,0.10498310786073645,1114.6040070499998,0
2018-02-21,1109.099976,1136.199951,1107.51001,1113.75,1113.75,2074300,1113.75,"['inverse hammer', 'three white soldiers']",None,0.16207854871503624,0.7825025154286649,0.05541893585629887,1111.48300485,0
2018-02-22,1119.170044,1125.459961,1105.150024,1109.900024,1109.900024,1400500,1109.900024,['dark cloud cover'],None,0.45642780674307043,0.3096965293393112,0.23387566391761835,1108.4135041,0
2018-02-23,1118.660034,1129.0,1108.439941,1128.089966,1128.089966,1264600,1128.089966,[],None,0.4586529639822556,0.044262227068511815,0.4970848089492326,1105.7110016499998,0
2018-02-26,1131.859985,1144.199951,1129.339966,1143.699951,1143.699951,1545600,1143.699951,[],None,0.7967683682049452,0.03364740946912115,0.16958422232593362,1103.51799625,0
2018-02-27,1143.699951,1144.25,1116.790039,1117.51001,1117.51001,2148200,1117.51001,['bearish engulfing'],None,0.9537501163967447,0.020030946147372317,0.026218937455882996,1100.0694977499998,0
2018-02-28,1122.0,1127.650024,1103.0,1103.920044,1103.920044,2464600,1103.920044,[],None,0.7334660607227002,0.22920967541451576,0.03732426386278409,1096.3970001999996,0
2018-03-01,1109.540039,1111.27002,1067.290039,1071.410034,1071.410034,2766900,1071.410034,['three black crows'],None,0.8669854814171025,0.03933564682531251,0.09367887175758492,1090.8565033499997,0
2018-03-02,1057.97998,1086.890015,1050.109985,1084.140015,1084.140015,2508100,1084.140015,[],None,0.711256488915315,0.074768835153207,0.213974675931478,1085.9840057999997,0
2018-03-05,1078.130005,1101.180054,1072.27002,1094.76001,1094.76001,1432400,1094.76001,[],None,0.5752329796637384,0.22206974920887199,0.2026972711273896,1084.7620087499997,0
2018-03-06,1102.099976,1105.630005,1094.5,1100.900024,1100.900024,1169100,1100.900024,[],None,0.10781235048860635,0.31716328968405844,0.5750243598273352,1086.6875091999996,0
2018-03-07,1092.819946,1116.199951,1089.910034,1115.040039,1115.040039,1537400,1115.040039,"['bullish engulfing', 'piercing line']",None,0.8451944903439541,0.04412003278671721,0.11068547686932866,1088.2180084499996,0
2018-03-08,1117.199951,1131.439941,1117.199951,1129.380005,1129.380005,1693100,1129.380005,[],None,0.8553414714476554,0.14465852855234462,0.0,1091.9165069999995,0
2018-03-09,1139.5,1161.0,1134.290039,1160.839966,1160.839966,2133100,1160.839966,['three white soldiers'],None,0.7989515971213881,0.005991547497953886,0.19505685538065806,1099.5730041999996,0
2018-03-12,1165.050049,1178.160034,1159.199951,1165.930054,1165.930054,2215300,1165.930054,[],None,0.04641356264104886,0.6450383154968312,0.3085481218621199,1105.5560058999995,0
2018-03-13,1171.829956,1178.0,1134.569946,1139.910034,1139.910034,2157000,1139.910034,['bearish engulfing'],None,0.7349731133191797,0.14206853162098237,0.12295835505983788,1109.8235046499997,0
2018-03-14,1145.800049,1159.76001,1142.349976,1148.890015,1148.890015,2093500,1148.890015,"['inverse hammer', 'bullish harami']",None,0.1774819049750279,0.6243523131545877,0.1981657818703844,1114.5610046499996,0
2018-03-15,1149.569946,1162.5,1135.660034,1150.609985,1150.609985,1669100,1150.609985,[],None,0.038749639250659954,0.44299664910156544,0.5182537116477746,1118.4565063499997,0
2018-03-16,1155.349976,1156.810059,1131.359985,1134.420044,1134.420044,2932800,1134.420044,['bearish engulfing'],None,0.8223917934384051,0.05737048151608316,0.12023772504551174,1120.6095092999997,0
2018-03-19,1117.76001,1119.369995,1088.920044,1100.069946,1100.069946,3182800,1100.069946,[],None,0.5809554176294031,0.052873155690794,0.3661714266798029,1120.8380065999995,1
2018-03-20,1098.400024,1105.550049,1082.420044,1095.800049,1095.800049,2729900,1095.800049,['three black crows'],sell,0.11240702282598243,0.3091233659482529,0.5784696112257647,1120.4485107499997,1
2018-03-21,1092.569946,1108.699951,1087.209961,1094.0,1094.0,2244900,1094.0,[],None,0.06654512170549753,0.6840371261224427,0.24941775217205978,1119.4610107499998,1
2018-03-22,1080.01001,1083.920044,1049.640015,1053.150024,1053.150024,3465600,1053.150024,[],None,0.7835461866149508,0.11406157211827314,0.10239224126677607,1116.6235107499997,1
2018-03-23,1051.369995,1066.780029,1024.869995,1026.550049,1026.550049,2494000,1026.550049,[],None,0.5922196579463542,0.3676931877459226,0.04008715430772324,1111.5465148999997,1
2018-03-26,1050.599976,1059.27002,1010.580017,1054.089966,1054.089966,3299200,1054.089966,[],None,0.07167775282330624,0.10638845103377657,0.8219337961429172,1107.0660156499998,1
2018-03-27,1063.900024,1064.540039,997.6199949999999,1006.9400019999999,1006.9400019999999,3040800,1006.9400019999999,"['dark cloud cover', 'bearish engulfing']",sell,0.8511653399391075,0.009563875959196139,0.13927078410169638,1101.5375152499996,1
2018-03-28,1001.909973,1024.98999,984.0,1005.179993,1005.179993,3884900,1005.179993,[],None,0.07977606239962313,0.4832886516927682,0.4369352859076087,1096.6005126999999,1
2018-03-29,1011.2100220000001,1048.050049,1004.0399779999999,1037.140015,1037.140015,3466900,1037.140015,[],None,0.5891831667347193,0.24789857757784545,0.16291825568743534,1094.8870117499998,1
2018-04-02,1027.619995,1039.530029,994.25,1012.6300050000001,1012.6300050000001,3253400,1012.6300050000001,['bearish harami'],None,0.33105080387647096,0.26303061775865894,0.4059185783648701,1091.3115112499997,1
2018-04-03,1016.150024,1025.0,997.25,1018.679993,1018.679993,2566100,1018.679993,['bullish harami'],buy,0.09117005405405179,0.22774800000000117,0.6810819459459471,1087.5075104,1
2018-04-04,998.2299800000001,1032.73999,996.51001,1029.709961,1029.709961,2536200,1029.709961,[],None,0.868893137672168,0.08363319549168968,0.04747366683614233,1083.94800725,1
2018-04-05,1046.390015,1046.709961,1024.0,1032.640015,1032.640015,1791800,1032.640015,[],None,0.6054611894754018,0.014088355325668432,0.38045045519892967,1079.82800605,0
2018-04-06,1023.099976,1036.0,1006.25,1009.9500119999999,1009.9500119999999,2006700,1009.9500119999999,[],None,0.44201559663865775,0.43361425210084137,0.1243701512605009,1073.8565064000002,0
2018-04-09,1020.0399779999999,1044.589966,1019.2000119999999,1020.090027,1020.090027,1661000,1020.090027,"['doji', 'bullish harami']",None,0.0019712127087767855,0.9649461751683339,0.03308261212288926,1066.81900945,0
2018-04-10,1030.26001,1041.209961,1015.409973,1036.5,1036.5,1831000,1036.5,['hammer'],None,0.24186019001249295,0.18255671281707667,0.5755830971704304,1060.34750675,0
2018-04-11,1032.0,1035.869995,1019.2000119999999,1025.060059,1025.060059,1703000,1025.060059,[],None,0.41631362191551374,0.23215350609535657,0.3515328719891297,1054.605008,0
2018-04-12,1031.469971,1044.650024,1026.050049,1037.290039,1037.290039,1644800,1037.290039,[],None,0.31290730229475927,0.3956986501325952,0.29139404757264553,1049.0250092,0
2018-04-13,1046.890015,1052.97998,1030.150024,1036.040039,1036.040039,1270500,1036.040039,[],None,0.4752517262845339,0.2667532517364514,0.2579950219790147,1043.2965119,0
2018-04-16,1045.550049,1051.430054,1033.920044,1046.099976,1046.099976,1488800,1046.099976,['bullish harami'],None,0.031406435518884696,0.30440176790304335,0.6641917965780719,1038.8805085000001,0
2018-04-17,1061.199951,1085.0,1057.089966,1079.359985,1079.359985,2729200,1079.359985,[],None,0.6506632704209532,0.20207839947453843,0.14725833010450837,1037.8450104500002,0
2018-04-18,1079.01001,1082.0,1070.52002,1075.390015,1075.390015,1556300,1075.390015,[],None,0.31533112427025095,0.26045254434241316,0.4242163313873359,1036.8245087500002,0
2018-04-19,1069.02002,1097.51001,1069.02002,1089.449951,1089.449951,1994200,1089.449951,"['bullish engulfing', 'piercing line']",None,0.7170915468906833,0.28290845310931667,0.0,1036.5970063,0
2018-04-20,1084.27002,1094.75,1072.099976,1077.319946,1077.319946,2121700,1077.319946,['bearish harami'],None,0.3068462090812729,0.4626917834612473,0.23046200745747977,1037.8055024,0
2018-04-23,1082.97998,1088.0,1066.680054,1073.810059,1073.810059,3479500,1073.810059,[],None,0.430109954312273,0.23546119675912472,0.3344288489286023,1040.1685029,0
2018-04-24,1059.199951,1064.48999,1012.8599849999999,1022.6400150000001,1022.6400150000001,6411000,1022.6400150000001,['three black crows'],None,0.7081141285963448,0.10246055564007729,0.1894253157635779,1038.59600535,0
2018-04-25,1029.75,1036.069946,1017.01001,1022.98999,1022.98999,2893000,1022.98999,['three black crows'],None,0.3546711804278843,0.33158275033032836,0.31374606924178733,1039.39850475,0
2018-04-26,1033.219971,1052.02002,1020.4500119999999,1043.310059,1043.310059,2546300,1043.310059,[],None,0.31960992851189374,0.27589353160759456,0.4044965398805117,1041.30500805,0
2018-04-27,1045.540039,1051.699951,1027.589966,1031.449951,1031.449951,2037300,1031.449951,"['dark cloud cover', 'bearish engulfing']",None,0.5844088248084722,0.2554921539768715,0.16009902121465622,1041.0205048499997,0
2018-04-30,1034.420044,1038.369995,1018.2999880000001,1018.580017,1018.580017,1724600,1018.580017,[],None,0.7892387381828032,0.19680865083903915,0.013952610978157637,1041.3180054499999,0
2018-05-01,1016.2999880000001,1041.72998,1010.6099849999999,1040.75,1040.75,1766300,1040.75,"['bullish engulfing', 'piercing line']",None,0.7856688922989801,0.03149036495668025,0.18284074274433967,1042.4215057999997,0
2018-05-02,1034.0,1043.97998,1023.159973,1026.050049,1026.050049,1734900,1026.050049,"['shooting star', 'bearish harami']",None,0.3818418985161745,0.47934566016236463,0.13881244132146084,1042.2385101999998,0
2018-05-03,1025.369995,1030.689941,1007.8900150000001,1026.300049,1026.300049,1964100,1026.300049,[],None,0.04079197450026488,0.19253974771673119,0.766668277783004,1041.9215118999998,0
2018-05-04,1019.6099849999999,1051.880005,1018.0499880000001,1051.0,1051.0,1844600,1051.0,[],None,0.9278746445796988,0.026012549742436896,0.046112805677864264,1043.9740112999998,0
2018-05-07,1053.890015,1065.0,1050.27002,1059.459961,1059.459961,1720000,1059.459961,[],None,0.37813669808105965,0.3761063490921205,0.2457569528268199,1045.9425079999999,0
2018-05-08,1064.619995,1065.22998,1051.640015,1058.589966,1058.589966,1301500,1058.589966,[],None,0.4437118859393648,0.04488495739319756,0.5114031566674376,1047.0470062999998,0
2018-05-09,1064.099976,1094.0,1062.109985,1088.949951,1088.949951,2358000,1088.949951,[],None,0.7792399909501493,0.15835831372296164,0.06240169532688904,1050.2415009,0
2018-05-10,1095.0,1109.410034,1093.880005,1105.469971,1105.469971,1820700,1105.469971,[],None,0.674175882092685,0.2537060941740679,0.07211802373324713,1053.6504974999998,1
2018-05-11,1100.410034,1109.01001,1097.219971,1103.380005,1103.380005,1525200,1103.380005,['three white soldiers'],buy,0.2519051039610634,0.4775221693499057,0.2705727266890309,1057.0174957999998,1
2018-05-14,1105.569946,1118.150024,1104.800049,1106.599976,1106.599976,1966900,1106.599976,[],None,0.07715594973023472,0.8651737550070309,0.05767029526273444,1060.0424957999999,1
2018-05-15,1096.900024,1099.119995,1078.780029,1084.869995,1084.869995,1786900,1084.869995,[],None,0.5914478421448695,0.10914329945290893,0.29940885840222164,1060.3179962999998,1
2018-05-16,1085.089966,1094.380005,1081.630005,1084.089966,1084.089966,1281400,1084.089966,[],None,0.0784313725490196,0.7286305098039199,0.19293811764706048,1060.7529938499997,1
2018-05-17,1081.459961,1091.0,1076.420044,1081.26001,1081.26001,1286900,1081.26001,[],None,0.013714101743520692,0.6543256371967071,0.33196026105977217,1060.3434968,1
2018-05-18,1066.0,1073.72998,1064.680054,1069.640015,1069.640015,1774100,1069.640015,[],None,0.4022148910388761,0.4519335296222374,0.14585157933888654,1059.95950025,1
2018-05-21,1079.0,1093.300049,1078.0,1084.01001,1084.01001,1259000,1084.01001,['inverse hammer'],None,0.32745058528897414,0.6071901469073735,0.06535926780365237,1060.4694978000002,1
2018-05-22,1089.800049,1091.800049,1072.26001,1075.310059,1075.310059,1111300,1075.310059,"['dark cloud cover', 'bearish engulfing']",None,0.7415537911669495,0.1023539410540584,0.15609226777899204,1063.103,1
2018-05-23,1070.0,1088.0,1066.959961,1085.959961,1085.959961,1187000,1085.959961,['piercing line'],None,0.7585518734067003,0.0969598487911539,0.1444882778021458,1066.2514985500002,1
2018-05-24,1086.900024,1087.119995,1072.300049,1085.449951,1085.449951,1030200,1085.449951,[],None,0.09784603803549403,0.014842901586819935,0.887311060377686,1068.3584931500002,1
2018-05-25,1086.550049,1089.569946,1082.599976,1084.079956,1084.079956,1111200,1084.079956,[],None,0.35439076495305855,0.43327259658220674,0.2123366384647347,1070.9899934000002,1
2018-05-29,1076.0,1081.339966,1063.079956,1068.069946,1068.069946,1803800,1068.069946,['three black crows'],None,0.43428530433444135,0.292440475114746,0.27327422055081263,1073.4644898500003,1
2018-05-30,1073.47998,1078.98999,1066.550049,1077.469971,1077.469971,1434300,1077.469971,['hammer'],buy,0.3207403475627328,0.12218860201989998,0.5570710504173673,1075.3004884000002,1
2018-05-31,1082.0,1110.0,1078.0,1100.0,1100.0,3968400,1100.0,[],None,0.5625,0.3125,0.125,1078.9979859500002,1
2018-06-01,1112.869995,1138.160034,1112.01001,1135.0,1135.0,3160100,1135.0,['three white soldiers'],buy,0.8462709250285949,0.12084248947534397,0.03288658549606113,1084.4329835,1
2018-06-04,1138.5,1157.859985,1137.0,1153.040039,1153.040039,2237700,1153.040039,['three white soldiers'],None,0.6970301752374195,0.23106181524100142,0.07190800952157905,1089.53498545,1
2018-06-05,1154.660034,1161.099976,1147.459961,1151.02002,1151.02002,1648200,1151.02002,[],None,0.26686290301000976,0.47213599105279563,0.2610011059371946,1094.1129884,1
2018-06-06,1152.77002,1154.709961,1136.319946,1146.949951,1146.949951,1746700,1146.949951,['hanging man'],sell,0.3164798397391134,0.10548882097160309,0.5780313392892835,1098.53098765,1
2018-06-07,1144.579956,1145.869995,1126.119995,1134.420044,1134.420044,1805400,1134.420044,['three black crows'],sell,0.5144259240506368,0.06531843037974576,0.4202556455696174,1100.8044923,1
2018-06-08,1131.209961,1138.780029,1123.22998,1132.709961,1132.709961,1364200,1132.709961,[],None,0.0964627185419162,0.39035684067619425,0.5131804407818895,1102.1664918000001,1
2018-06-11,1132.939941,1147.73999,1131.400024,1140.900024,1140.900024,1239800,1140.900024,[],None,0.48715419603687904,0.41860344140250977,0.09424236256061115,1104.04249275,1
2018-06-12,1141.02002,1148.75,1141.02002,1148.189941,1148.189941,1304600,1148.189941,['three white soldiers'],None,0.9275471605360033,0.0724528394639967,0.0,1106.121991,1
2018-06-13,1152.280029,1155.640015,1143.380005,1144.22998,1144.22998,1715100,1144.22998,['dark cloud cover'],None,0.6566103127158923,0.2740606247466311,0.06932906253747657,1109.08999025,1
2018-06-14,1152.209961,1165.98999,1150.599976,1160.109985,1160.109985,1771100,1160.109985,[],None,0.5133214303768663,0.38206625413076023,0.10461231549237349,1112.8909912,1
2018-06-15,1159.920044,1163.910034,1153.689941,1159.27002,1159.27002,2221900,1159.27002,[],None,0.06360255234468379,0.39040642780844276,0.5459910198468735,1116.7914916999998,1
2018-06-18,1152.689941,1184.130005,1151.0,1183.579956,1183.579956,1651900,1183.579956,['bullish engulfing'],None,0.9323878761865555,0.016602744249508708,0.051009379563935794,1122.4884887499998,1
2018-06-19,1170.109985,1182.810059,1161.609985,1178.689941,1178.689941,2364100,1178.689941,[],None,0.40471349298120823,0.19434451030689082,0.40094199671190095,1127.2224853,1
2018-06-20,1183.300049,1201.48999,1182.030029,1184.069946,1184.069946,2584300,1184.069946,[],None,0.03956313170412455,0.8951736336984407,0.0652632345974347,1132.66047965,1
2018-06-21,1185.51001,1190.329956,1163.47998,1169.439941,1169.439941,2248300,1169.439941,['bearish engulfing'],sell,0.5985133469020566,0.17951397796408006,0.22197267513386335,1136.83447865,1
2018-06-22,1171.48999,1175.0,1159.650024,1169.290039,1169.290039,1711000,1169.290039,[],None,0.14331950747024358,0.22866550410241504,0.6280149884273414,1141.02648305,1
2018-06-25,1155.0,1155.98999,1119.900024,1139.280029,1139.280029,2884100,1139.280029,['three black crows'],sell,0.4355773291667824,0.027431170203929652,0.5369915006292879,1143.7864867,1
2018-06-26,1144.140015,1146.869995,1129.0,1132.619995,1132.619995,1734400,1132.619995,['three black crows'],sell,0.6446571473578991,0.1527689291463185,0.20257392349578238,1147.01398915,1
2018-06-27,1136.0,1146.209961,1116.699951,1116.939941,1116.939941,1726900,1116.939941,['three black crows'],None,0.6458845320621691,0.34598297323518473,0.00813249470264614,1148.9874876500003,1
2018-06-28,1112.390015,1134.0,1106.069946,1126.780029,1126.780029,1486300,1126.780029,['piercing line'],buy,0.5152161180927219,0.2585018632617039,0.22628201864557412,1150.3264891000003,1
2018-06-29,1132.310059,1141.359985,1127.02002,1129.189941,1129.189941,1578100,1129.189941,['shooting star'],None,0.2175819815459657,0.6310981930569611,0.15131982539707317,1150.0359861500003,1
2018-07-02,1115.349976,1142.98999,1106.599976,1142.109985,1142.109985,1160800,1142.109985,"['bullish engulfing', 'piercing line']",None,0.7353668234367823,0.024182595807739488,0.24045058075547826,1149.4894834500003,1
2018-07-03,1149.420044,1149.910034,1114.430054,1116.280029,1116.280029,822400,1116.280029,['dark cloud cover'],None,0.9340482999144837,0.013810323455651141,0.05214137662986513,1147.7524839000002,1
2018-07-05,1124.599976,1144.140015,1123.119995,1141.290039,1141.290039,1429700,1141.290039,['bullish harami'],buy,0.7940079505157495,0.13558388621894646,0.0704081632653041,1147.4694883000004,1
2018-07-06,1141.77002,1156.199951,1137.23999,1155.079956,1155.079956,1091000,1155.079956,[],None,0.7020022878739093,0.05907158775273936,0.2389261243733514,1148.5024839000005,1
2018-07-09,1160.0,1167.930054,1157.22998,1167.280029,1167.280029,1079200,1167.280029,['three white soldiers'],None,0.6803718366807658,0.060749579862711484,0.25887858345652265,1150.2309873000006,1
2018-07-10,1169.98999,1173.5,1162.560059,1167.140015,1167.140015,1066700,1167.140015,[],None,0.26051100275587064,0.32084359504314847,0.41864540220098084,1151.5429868500007,1
2018-07-11,1155.619995,1180.439941,1155.369995,1171.459961,1171.459961,1662600,1171.459961,"['bullish engulfing', 'piercing line']",buy,0.6318308782954681,0.35819702204384657,0.009972099660685319,1152.7064878500007,1
2018-07-12,1174.859985,1201.98999,1173.099976,1201.26001,1201.26001,2207400,1201.26001,[],None,0.9138114297902332,0.025267554387480292,0.06092101582228648,1155.5579893500008,1
2018-07-13,1202.800049,1210.439941,1195.290039,1204.420044,1204.420044,1630600,1204.420044,['three white soldiers'],None,0.10693105473553594,0.39735550764619365,0.49571343761827047,1157.7734923000007,1
2018-07-16,1203.810059,1208.709961,1193.400024,1196.51001,1196.51001,1339200,1196.51001,[],None,0.47681770343012836,0.32004716936458416,0.20313512720528745,1159.6354918000006,1
2018-07-17,1182.73999,1218.76001,1182.0,1213.079956,1213.079956,2008100,1213.079956,"['bullish engulfing', 'piercing line']",None,0.8253524958235874,0.15451720497355503,0.020130299202857537,1161.1104918000005,1
2018-07-18,1208.530029,1221.589966,1204.560059,1212.910034,1212.910034,1947400,1212.910034,[],None,0.257194886619167,0.5096875749233369,0.23311753845749605,1162.8214964500007,1
2018-07-19,1206.650024,1216.47998,1197.72998,1199.099976,1199.099976,1916900,1199.099976,[],None,0.4026692266666699,0.524264320000002,0.07306645333332805,1163.5729979500006,1
2018-07-20,1199.23999,1210.77002,1196.589966,1197.880005,1197.880005,1896900,1197.880005,[],None,0.09590830895284733,0.8131160854535502,0.0909756055936025,1164.9950011500007,1
2018-07-23,1195.660034,1215.099976,1192.01001,1211.0,1211.0,3272300,1211.0,"['bullish engulfing', 'piercing line']",buy,0.6643563702086006,0.17756526796098224,0.15807836183041715,1167.0804992000008,1
2018-07-24,1271.0,1275.0,1244.140015,1258.150024,1258.150024,5380000,1258.150024,[],None,0.4163960546319108,0.12961769100017365,0.45398625436791556,1173.0239989500005,1
2018-07-25,1252.619995,1278.23999,1249.050049,1275.939941,1275.939941,2555200,1275.939941,"['bullish engulfing', 'piercing line']",buy,0.7989034989827489,0.07879594549368693,0.12230055552356416,1180.1899962500006,1
2018-07-26,1267.180054,1287.400024,1263.0,1285.5,1285.5,2734300,1285.5,[],None,0.7508167205081459,0.07786975947236888,0.17131352001948533,1188.6179992000004,1
2018-07-27,1289.119995,1291.439941,1244.48999,1252.890015,1252.890015,2418100,1252.890015,"['dark cloud cover', 'bearish engulfing']",sell,0.7716723708614739,0.04941317191151211,0.17891445722701402,1194.9234985000005,1
2018-07-30,1245.050049,1252.890015,1224.170044,1230.040039,1230.040039,2194800,1230.040039,[],None,0.5226331878956275,0.2729795931897009,0.2043872189146716,1199.9660034000003,1
2018-07-31,1231.709961,1241.209961,1216.189941,1227.219971,1227.219971,1969100,1227.219971,['three black crows'],None,0.17945589172191095,0.37969593949165614,0.4408481687864329,1204.2215027000004,1
2018-08-01,1239.109985,1245.900024,1224.939941,1232.98999,1232.98999,1849700,1232.98999,['three black crows'],None,0.29198333804308096,0.3239509595453414,0.3840657024115776,1210.0570007500003,1
2018-08-02,1218.5,1244.410034,1218.060059,1241.130005,1241.130005,1735200,1241.130005,"['bullish engulfing', 'piercing line']",None,0.858824533989118,0.12447939703927623,0.016696068971605794,1215.0489990500002,1
2018-08-03,1245.180054,1246.52002,1229.420044,1238.160034,1238.160034,1063200,1238.160034,[],None,0.41052806155984917,0.0783606947752445,0.5111112436649063,1219.2030029500002,1
2018-08-06,1241.609985,1242.459961,1230.530029,1237.670044,1237.670044,1105700,1237.670044,['hanging man'],None,0.3302567860403636,0.07124734659007018,0.5984958673695662,1222.7225037,1
2018-08-07,1252.01001,1266.079956,1251.800049,1255.839966,1255.839966,2125300,1255.839966,['inverse hammer'],buy,0.26820594840008505,0.7170908045829687,0.014703247016946244,1227.15750125,1
2018-08-08,1256.719971,1271.719971,1252.119995,1261.329956,1261.329956,1717200,1261.329956,[],None,0.23520360433094706,0.5301034552287189,0.23469294044033404,1231.651001,1
2018-08-09,1262.72998,1271.959961,1260.099976,1264.459961,1264.459961,1366300,1264.459961,['three white soldiers'],None,0.14586704789255173,0.632378540107763,0.2217544119996853,1234.81099855,1
2018-08-10,1259.180054,1261.199951,1247.160034,1252.51001,1252.51001,1330100,1252.51001,[],None,0.47507716747897677,0.14386815819496082,0.3810546743260624,1237.21549685,1
2018-08-13,1251.199951,1265.969971,1247.030029,1248.640015,1248.640015,1375000,1248.640015,['shooting star'],None,0.1351607095734565,0.7798344894614753,0.0850048009650683,1239.8219970999999,1
2018-08-14,1252.5,1260.589966,1239.540039,1258.140015,1258.140015,1404000,1258.140015,['hammer'],None,0.26793513345675457,0.11638762452715644,0.615677242016089,1242.0750000499997,1
2018-08-15,1244.280029,1251.97998,1226.23999,1232.219971,1232.219971,1852600,1232.219971,[],None,0.4685339038593259,0.29914351171076775,0.23232258442990633,1243.0404968999997,1
2018-08-16,1241.98999,1243.699951,1219.630005,1224.060059,1224.060059,1608800,1224.060059,[],None,0.7449094817246399,0.07104133096102568,0.1840491873143344,1244.2885010499997,1
2018-08-17,1222.040039,1226.949951,1204.0,1215.849976,1215.849976,1654600,1215.849976,['three black crows'],None,0.26972009657014057,0.213939977475336,0.5163399259545234,1245.1869995999998,1
2018-08-20,1220.660034,1225.910034,1208.699951,1221.949951,1221.949951,1110900,1221.949951,['bullish harami'],None,0.07495123643506332,0.23010249282353573,0.6949462707414009,1245.7344971499997,1
2018-08-21,1223.02002,1232.76001,1215.030029,1217.410034,1217.410034,1154100,1217.410034,"['shooting star', 'dark cloud cover', 'bearish engulfing']",None,0.31641240901498713,0.5493514065243533,0.13423618446065955,1243.6974976499998,1
2018-08-22,1214.219971,1226.530029,1213.219971,1221.75,1221.75,1114800,1221.75,['piercing line'],None,0.5657397586096168,0.3591290886936784,0.07513115269670485,1240.9880005999999,1
2018-08-23,1219.880005,1235.170044,1219.349976,1221.160034,1221.160034,1233300,1221.160034,[],None,0.0809117255374638,0.8855846890165057,0.03350358544603054,1237.7710022999997,1
2018-08-24,1226.0,1237.400024,1221.420044,1236.75,1236.75,1222700,1236.75,['three white soldiers'],buy,0.6727167368169393,0.040677397593740894,0.2866058655893198,1236.9640015499997,1
2018-08-27,1244.140015,1257.869995,1240.680054,1256.27002,1256.27002,1429000,1256.27002,['three white soldiers'],None,0.7056455283936064,0.09307623568923695,0.2012782359171566,1238.2755005999998,1
2018-08-28,1255.900024,1256.560059,1242.969971,1245.859985,1245.859985,1366500,1245.859985,[],None,0.7387765995334272,0.048567382345124144,0.21265601812144858,1239.2075012999999,1
2018-08-29,1255.0,1267.170044,1252.800049,1264.650024,1264.650024,1846300,1264.650024,[],None,0.6715398300416958,0.17536679727445476,0.15309337268384943,1240.7905029999997,1
2018-08-30,1263.400024,1269.48999,1247.209961,1254.439941,1254.439941,1505200,1254.439941,[],None,0.4021576004232281,0.2733374359611471,0.32450496361562475,1241.4559998,1
2018-08-31,1252.209961,1252.550049,1225.75,1231.800049,1231.800049,2115400,1231.800049,[],None,0.7615624881879924,0.012689827544715461,0.22574768426729208,1241.13800055,1
2018-09-04,1222.52002,1227.869995,1206.560059,1211.310059,1211.310059,2072900,1211.310059,['three black crows'],sell,0.5260438604789787,0.2510554231603539,0.22290071636066744,1239.8200013,1
2018-09-05,1209.219971,1214.869995,1175.339966,1199.099976,1199.099976,2699400,1199.099976,"['hanging man', 'three black crows']",sell,0.2560077808189823,0.14292992297071244,0.6010622962103053,1236.9830018,1
2018-09-06,1198.569946,1198.98999,1163.609985,1183.98999,1183.98999,2342700,1183.98999,['three black crows'],sell,0.4120959281944716,0.011872355586155566,0.5760317162193729,1233.1160035,1
2018-09-07,1172.0,1188.550049,1169.27002,1177.589966,1177.589966,1632900,1177.589966,['inverse hammer'],None,0.2899355597442307,0.5684681802086466,0.1415962600471227,1228.77250375,0
2018-09-10,1184.199951,1186.660034,1170.609985,1175.060059,1175.060059,1383500,1175.060059,[],None,0.5694619374682394,0.15327573143234324,0.27726233109941745,1224.9000062,0
2018-09-11,1171.099976,1190.939941,1165.949951,1189.98999,1189.98999,1462700,1189.98999,"['bullish engulfing', 'piercing line']",None,0.7559032236507514,0.03801326050951018,0.20608351583973852,1221.96750495,0
2018-09-12,1182.0,1190.689941,1166.160034,1171.599976,1171.599976,1785800,1171.599976,['bearish harami'],None,0.42397323397923975,0.3542590275617456,0.22176773845901465,1217.640503,0
2018-09-13,1179.699951,1187.859985,1169.219971,1182.140015,1182.140015,2003400,1182.140015,[],None,0.13090462271111408,0.30686511286955487,0.562230264419331,1215.1365052,0
2018-09-14,1188.0,1188.0,1173.52002,1177.97998,1177.97998,1208800,1177.97998,"['dark cloud cover', 'bearish engulfing']",None,0.6919912872807755,0.0,0.3080087127192245,1212.8325012500002,0
2018-09-17,1177.77002,1181.819946,1158.459961,1159.829956,1159.829956,1704800,1159.829956,[],None,0.7679826849203821,0.1733702311880822,0.05864708389153564,1210.0315002500001,0
2018-09-18,1162.660034,1181.329956,1161.430054,1167.109985,1167.109985,1615700,1167.109985,"['inverse hammer', 'bullish harami']",None,0.22361672936881954,0.7145749260473698,0.061808344583810605,1207.2895019500002,0
2018-09-19,1168.959961,1176.27002,1158.619995,1174.27002,1174.27002,1298100,1174.27002,['hammer'],None,0.3008527749960658,0.11331428709024546,0.5858329379136887,1205.1325012500001,0
2018-09-20,1180.670044,1194.0,1176.25,1191.569946,1191.569946,1462200,1191.569946,['three white soldiers'],None,0.6140789859154993,0.13690445070422125,0.24901656338027953,1203.62349855,0
2018-09-21,1194.920044,1196.579956,1172.060059,1172.119995,1172.119995,4561100,1172.119995,"['dark cloud cover', 'bearish engulfing']",None,0.9298590854602622,0.06769653233046077,0.0024443822092770906,1201.1714966000002,0
2018-09-24,1159.410034,1185.189941,1151.5,1179.560059,1179.560059,1557500,1179.560059,[],None,0.598102115999546,0.16710869276975476,0.23478919123069925,1198.31199955,0
2018-09-25,1184.25,1196.859985,1174.089966,1193.890015,1193.890015,1657600,1193.890015,[],None,0.42336438103103596,0.13043335624797225,0.4462022627209918,1195.1929993,0
2018-09-26,1193.689941,1207.23999,1185.400024,1194.060059,1194.060059,1882500,1194.060059,[],None,0.016946821254200682,0.6034776336190323,0.37957554512676706,1192.6030030000002,0
2018-09-27,1200.0,1216.859985,1198.050049,1207.359985,1207.359985,1813700,1207.359985,['inverse hammer'],None,0.39128176725322245,0.505052223463171,0.10366600928360652,1189.7385010500002,0
2018-09-28,1204.089966,1208.449951,1197.829956,1207.079956,1207.079956,1780600,1207.079956,['hammer'],None,0.28154344705435635,0.1290014731645368,0.5894550797811068,1187.3705018000003,0
2018-10-01,1213.0,1224.199951,1203.189941,1208.530029,1208.530029,1658200,1208.530029,[],None,0.21275434899840573,0.5330769000109983,0.254168750990596,1186.2070008000003,0
2018-10-02,1206.670044,1224.52002,1199.660034,1207.640015,1207.640015,2009000,1207.640015,[],None,0.03901735906045922,0.6790029970250195,0.2819796439145213,1186.0234986000003,0
2018-10-03,1212.0,1214.180054,1202.150024,1211.530029,1211.530029,1312300,1211.530029,[],None,0.039066486118487724,0.1812176694488664,0.7797158444326459,1186.6450012500004,0
2018-10-04,1205.030029,1205.900024,1163.849976,1177.069946,1177.069946,2328800,1177.069946,[],None,0.664923925889452,0.020689512649308173,0.3143865614612398,1186.2989990500002,0
2018-10-05,1176.0,1182.0,1154.319946,1167.829956,1167.829956,1592600,1167.829956,[],None,0.29515997331508037,0.2167625829053663,0.48807744377955337,1185.8109985500002,0
2018-10-08,1160.0,1175.859985,1135.400024,1155.920044,1155.920044,2309500,1155.920044,['three black crows'],None,0.10083934584118942,0.3919920980645543,0.5071685560942563,1184.8539978000003,0
2018-10-09,1151.310059,1161.550049,1144.170044,1145.170044,1145.170044,1684500,1145.170044,"['shooting star', 'three black crows']",None,0.3532803931874562,0.5891822240557494,0.05753738275679443,1182.6130005000002,0
2018-10-10,1136.400024,1137.02002,1091.51001,1092.160034,1092.160034,2949000,1092.160034,['three black crows'],None,0.9720936119328488,0.013623288590793573,0.014283099476357638,1178.6410034000003,0
2018-10-11,1079.040039,1116.060059,1075.890015,1090.73999,1090.73999,3384800,1090.73999,['inverse hammer'],None,0.29126059707577284,0.6303221624551842,0.07841724046904289,1174.0710021500001,0
2018-10-12,1119.640015,1125.829956,1095.030029,1120.540039,1120.540039,2468500,1120.540039,[],None,0.029221627700612072,0.17175095902013193,0.799027413279256,1171.1990051,0
2018-10-15,1118.0,1121.800049,1098.219971,1102.439941,1102.439941,1503700,1102.439941,[],None,0.6598815746071721,0.1611550648814627,0.17896336051136516,1168.32950435,0
2018-10-16,1113.47998,1136.369995,1111.75,1133.079956,1133.079956,1918900,1133.079956,[],None,0.796099917973174,0.1336328053681561,0.07026727665866982,1166.6280029000002,0
2018-10-17,1140.0,1147.0,1114.0,1127.589966,1127.589966,1782600,1127.589966,[],None,0.37606163636363626,0.21212121212121213,0.41181715151515164,1164.2940002,0
2018-10-18,1130.0,1132.349976,1086.339966,1097.910034,1097.910034,2307600,1097.910034,[],None,0.6974561839912669,0.05107532034876696,0.2514684956599662,1159.6110046000001,0
2018-10-19,1103.709961,1120.949951,1097.030029,1105.180054,1105.180054,2064300,1105.180054,['bullish harami'],None,0.06145893786776995,0.6592787802568963,0.2792622818753337,1156.26400755,0
2018-10-22,1112.51001,1121.689941,1100.0,1111.369995,1111.369995,1355800,1111.369995,[],None,0.052559617382082494,0.42323448459357665,0.5242058980243409,1152.8545043500003,0
2018-10-23,1091.290039,1118.0,1079.01001,1114.910034,1114.910034,1884300,1114.910034,"['bullish engulfing', 'piercing line']",None,0.6057963851747589,0.07925023833040228,0.31495337649483884,1148.9055053000002,0
2018-10-24,1115.0,1116.619995,1055.060059,1057.119995,1057.119995,2464300,1057.119995,['bearish engulfing'],None,0.9402219813873731,0.026315735610901454,0.0334622830017254,1142.0585021000002,0
2018-10-25,1080.300049,1117.819946,1075.550049,1103.589966,1103.589966,3647800,1103.589966,['bullish harami'],None,0.5509811627882601,0.33664572213175786,0.11237311507998199,1136.8700011500002,0
2018-10-26,1048.329956,1117.0,1042.22998,1083.75,1083.75,5321900,1083.75,[],None,0.47371986793637333,0.4446969520671525,0.08158317999647419,1130.7035033500001,0
2018-10-29,1096.540039,1108.829956,1007.2000119999999,1034.72998,1034.72998,4064500,1034.72998,"['dark cloud cover', 'bearish engulfing']",None,0.6081874747466143,0.12092810953433215,0.27088441571905353,1122.0135009,0
2018-10-30,1020.01001,1050.900024,1013.9699710000001,1049.51001,1049.51001,2988400,1049.51001,[],None,0.7988074103224292,0.03763910114074484,0.163553488536826,1114.10700065,0
2018-10-31,1068.199951,1108.0,1068.199951,1090.579956,1090.579956,3545800,1090.579956,[],None,0.5623109911246595,0.43768900887534046,0.0,1108.059497,0
2018-11-01,1091.400024,1099.900024,1077.819946,1085.97998,1085.97998,2006600,1085.97998,[],None,0.24547214008935891,0.3849624081943921,0.369565451716249,1103.5049987,0
2018-11-02,1089.0,1098.0,1067.660034,1071.48999,1071.48999,2171900,1071.48999,[],None,0.5771268827394191,0.29663843393891737,0.12623468332166352,1098.6880004,0
2018-11-05,1072.530029,1073.349976,1034.0,1055.72998,1055.72998,2267900,1055.72998,['three black crows'],None,0.42693924387653903,0.020837293522109317,0.5522234626013517,1093.6784972,0
2018-11-06,1055.02002,1079.819946,1053.609985,1069.569946,1069.569946,1433000,1069.569946,[],None,0.5551296318220439,0.3910726917907276,0.05379767638722845,1089.8984923,0
2018-11-07,1083.48999,1109.930054,1080.589966,1108.23999,1108.23999,2169400,1108.23999,[],None,0.8435557521163558,0.0576025538846338,0.09884169399901042,1090.7024901,0
2018-11-08,1107.300049,1108.219971,1084.359985,1094.630005,1094.630005,1684700,1094.630005,[],None,0.5310164054580752,0.03855501004904382,0.4304285844928811,1090.8969908499998,0
2018-11-09,1084.02002,1088.349976,1064.26001,1077.02002,1077.02002,1743000,1077.02002,['hanging man'],None,0.29057741301917983,0.17974105899526954,0.5296815279855507,1088.7209899,0
2018-11-12,1073.130005,1074.099976,1040.349976,1049.359985,1049.359985,1700100,1049.359985,['three black crows'],None,0.7042968888888869,0.02873988148148109,0.26696322962963204,1086.0669920999999,0
2018-11-13,1054.810059,1066.670044,1040.400024,1047.969971,1047.969971,1287500,1047.969971,['three black crows'],None,0.26037620070330897,0.45146463535239345,0.2881591639442976,1081.8114928499997,0
2018-11-14,1060.0,1065.790039,1041.109985,1054.579956,1054.579956,1733300,1054.579956,['three black crows'],None,0.2196123233766011,0.23460398425384305,0.5457836923695558,1078.1609923499998,0
2018-11-15,1051.459961,1078.869995,1041.290039,1071.050049,1071.050049,2079200,1071.050049,"['bullish engulfing', 'piercing line']",None,0.5212908711228907,0.20808821596278784,0.27062091291432144,1076.8179931,0
2018-11-16,1065.22998,1072.439941,1054.900024,1068.27002,1068.27002,1768300,1068.27002,[],None,0.17332123065347757,0.2377389243062065,0.5889398450403159,1074.9724913999999,0
2018-11-19,1063.390015,1068.0,1022.8699949999999,1027.420044,1027.420044,2284200,1027.420044,[],None,0.7970300690194896,0.10214900264247792,0.1008209283380325,1070.7749938499996,0
2018-11-20,1007.2899779999999,1037.349976,1002.2100220000001,1030.449951,1030.449951,2722900,1030.449951,[],None,0.6590780682296918,0.19635839591594054,0.14456353585436763,1066.5519896999997,0
2018-11-21,1045.310059,1054.709961,1039.459961,1043.430054,1043.430054,1484900,1043.430054,[],None,0.12327901639344149,0.61638701639345,0.2603339672131086,1065.8674926499996,0
2018-11-23,1033.5,1043.0,1028.52002,1030.099976,1030.099976,708900,1030.099976,['shooting star'],None,0.23480861161410543,0.6560782542517293,0.1091131341341653,1062.1929931499997,0
2018-11-26,1044.0,1057.0,1039.77002,1055.939941,1055.939941,1577900,1055.939941,[],None,0.6929747451825273,0.06152409927347019,0.24550115554400248,1060.8024901999997,0
2018-11-27,1051.339966,1066.76001,1045.5,1052.280029,1052.280029,1652400,1052.280029,[],None,0.04421742981306268,0.6810900371166324,0.27469253307030495,1061.6799926499998,0
2018-11-28,1057.459961,1092.859985,1042.949951,1091.790039,1091.790039,2302100,1091.790039,[],None,0.6878392028344433,0.021437492909743814,0.2907233042558129,1063.7939940999997,0
2018-11-29,1083.530029,1100.150024,1082.0,1094.579956,1094.579956,1550200,1094.579956,[],None,0.6088105999198682,0.3068903930925922,0.08429900698753956,1063.9939940999998,0
2018-11-30,1095.630005,1109.650024,1083.180054,1109.650024,1109.650024,2983400,1109.650024,['three white soldiers'],None,0.5296575326681516,0.0,0.47034246733184837,1065.1774962999996,0
2018-12-03,1132.160034,1135.0,1111.72998,1116.359985,1116.359985,2876600,1116.359985,[],None,0.6789873407930028,0.12204398621058393,0.19896867299641327,1067.4209960499998,0
2018-12-04,1112.98999,1114.23999,1060.780029,1062.469971,1062.469971,2281500,1062.469971,[],None,0.9450066564769852,0.02338198488397699,0.03161135863903778,1067.7579955999995,0
2018-12-06,1045.0,1079.420044,1042.47998,1078.079956,1078.079956,2371800,1078.079956,[],None,0.8955034836972706,0.036277359995909246,0.06821915630682011,1068.1834960999997,0
2018-12-07,1072.22998,1085.030029,1039.369995,1046.579956,1046.579956,2134100,1046.579956,['bearish harami'],None,0.5617609483164212,0.28033375971642827,0.15790529196715056,1065.1004943999997,0
2018-12-10,1042.939941,1059.599976,1033.0,1053.180054,1053.180054,1682600,1053.180054,[],None,0.3849670014739806,0.24135066888782342,0.373682329638196,1063.0279968499997,0
2018-12-11,1066.939941,1070.400024,1050.099976,1061.650024,1061.650024,1692600,1061.650024,['hanging man'],None,0.2605864281700242,0.170447035396169,0.5689665364338068,1062.2594970499997,0
2018-12-12,1077.079956,1091.72998,1071.969971,1073.72998,1073.72998,1448000,1073.72998,['shooting star'],None,0.169533121164062,0.74139763802739,0.08906924080854794,1063.4779967999998,0
2018-12-13,1075.670044,1088.420044,1064.98999,1073.540039,1073.540039,1249300,1073.540039,['three black crows'],None,0.09090909478911101,0.5441728815477779,0.3649180236631111,1064.7565001999997,0
2018-12-14,1060.02002,1071.719971,1049.369995,1051.709961,1051.709961,1817900,1051.709961,"['shooting star', 'three black crows']",None,0.3718151196224963,0.5234883026272633,0.10469657775024041,1064.6130004499996,0
2018-12-17,1047.01001,1062.380005,1016.6300050000001,1025.650024,1025.650024,2496600,1025.650024,['three black crows'],None,0.4668849398907101,0.3359561748633892,0.1971588852459007,1062.3429991999997,0
2018-12-18,1034.0,1059.689941,1030.47998,1043.410034,1043.410034,2182000,1043.410034,"['inverse hammer', 'bullish harami']",None,0.32215154275625324,0.5573409358540424,0.12050752138970432,1061.0999998999996,0
2018-12-19,1047.290039,1075.709961,1019.429993,1035.459961,1035.459961,2913200,1035.459961,['dark cloud cover'],None,0.21020051041962118,0.5049740255715855,0.28482546400879327,1061.5019957499997,0
2018-12-20,1026.0,1047.439941,1007.8599849999999,1023.580017,1023.580017,2683700,1023.580017,[],None,0.06114162936411533,0.5416868325977928,0.3971715380380918,1061.1584990499998,0
2018-12-21,1032.040039,1037.670044,981.1900019999999,991.25,991.25,5232800,991.25,['three black crows'],None,0.7222027030362329,0.0996813175174335,0.17811597944633362,1058.5494963499998,0
2018-12-24,984.320007,1012.1199949999999,977.659973,984.669983,984.669983,1818000,984.669983,[],None,0.010156000480788172,0.7965755796673608,0.19326841985185098,1056.2779966999997,0
2018-12-26,997.98999,1048.449951,992.650024,1047.849976,1047.849976,2315900,1047.849976,[],None,0.8935493051809891,0.010752254209939837,0.09569844060907108,1055.8734984499997,0
2018-12-27,1026.199951,1053.339966,1007.0,1052.900024,1052.900024,2299800,1052.900024,[],None,0.5761780878302754,0.00949379203256156,0.41432812013716314,1055.9044981999996,0
2018-12-28,1059.5,1064.22998,1042.0,1046.680054,1046.680054,1719900,1046.680054,[],None,0.576696245340753,0.21277482031023212,0.21052893434901485,1053.6489989499996,0
2018-12-31,1057.829956,1062.98999,1033.040039,1044.959961,1044.959961,1655500,1044.959961,[],None,0.429716729753581,0.17228856234188786,0.3979947079045311,1051.1679991999995,0
2019-01-02,1027.199951,1060.790039,1025.280029,1054.680054,1054.680054,1593400,1054.680054,['piercing line'],None,0.7738691991356774,0.17206373639433098,0.05406706446999154,1048.4195006999996,0
2019-01-03,1050.670044,1066.26001,1022.3699949999999,1025.469971,1025.469971,2098000,1025.469971,[],None,0.5741641464465196,0.35520530125132066,0.07063055230215982,1043.8749999999995,0
2019-01-04,1042.560059,1080.0,1036.859985,1078.069946,1078.069946,2301100,1078.069946,[],None,0.8231310767972659,0.044739298305759276,0.13212962489697477,1044.6549987499998,0
2019-01-07,1080.969971,1082.699951,1062.640015,1075.920044,1075.920044,2372300,1075.920044,['hanging man'],None,0.25174192978482074,0.08624055430685619,0.662017515908323,1044.5470031499995,0
2019-01-08,1086.0,1093.349976,1068.349976,1085.369995,1085.369995,1770700,1085.369995,[],None,0.025200199999999312,0.29399903999999877,0.6808007600000019,1046.4865050999995,0
2019-01-09,1087.98999,1091.640015,1074.369995,1081.650024,1081.650024,1349900,1081.650024,[],None,0.3671082025382732,0.2113503632306117,0.42154143423111506,1047.9100035999995,0
2019-01-10,1074.939941,1079.810059,1064.680054,1078.829956,1078.829956,1329900,1078.829956,['hammer'],None,0.2571059956688681,0.0647787624657013,0.6781152418654306,1048.7690001999995,0
2019-01-11,1069.900024,1073.369995,1056.430054,1064.469971,1064.469971,1543200,1064.469971,[],None,0.3205473383880153,0.20483961543903656,0.47461304617294814,1048.3059997499995,0
2019-01-14,1053.339966,1058.449951,1048.550049,1051.51001,1051.51001,1424500,1051.51001,[],None,0.1848458701914441,0.5161652105243056,0.2989889192842503,1047.2044982999996,0
2019-01-15,1058.01001,1088.27002,1054.439941,1086.51001,1086.51001,1875900,1086.51001,[],None,0.8424455644930694,0.052025004139067306,0.10552943136786327,1048.9445007499994,0
2019-01-16,1090.0,1102.359985,1088.01001,1089.51001,1089.51001,1914000,1089.51001,[],None,0.034145704086594675,0.8613244970810038,0.10452979883240152,1052.1375000499995,0
2019-01-17,1087.98999,1100.699951,1083.26001,1099.119995,1099.119995,1244800,1099.119995,['bullish engulfing'],None,0.6381905191078299,0.09059411382183175,0.2712153670703384,1054.9229980999994,0
2019-01-18,1108.589966,1118.0,1099.280029,1107.300049,1107.300049,2244600,1107.300049,[],None,0.06890592939487249,0.5026735351246004,0.428420535480527,1058.5150024999996,0
2019-01-22,1096.0,1098.969971,1070.890015,1078.630005,1078.630005,1981600,1078.630005,[],None,0.6185905348284731,0.10576836373960069,0.27564110143192616,1061.2675018999994,0
2019-01-23,1086.859985,1092.949951,1067.569946,1084.410034,1084.410034,1259700,1084.410034,['three black crows'],sell,0.09653075324453471,0.23995133176687744,0.6635179149885878,1065.9255035999995,1
2019-01-24,1082.51001,1088.0,1070.02002,1084.0,1084.0,1455700,1084.0,[],None,0.08286939140088191,0.22246965791952966,0.6946609506795884,1070.8920044499996,1
2019-01-25,1094.22998,1103.359985,1091.800049,1101.51001,1101.51001,1163000,1101.51001,[],None,0.6297638672047864,0.16003332544402224,0.21020280735119137,1073.5750061499994,1
2019-01-28,1090.069946,1093.369995,1074.609985,1079.859985,1079.859985,1466700,1079.859985,[],None,0.5442407013642339,0.17590870154120122,0.27985059709456495,1074.9230041999995,1
2019-01-29,1081.040039,1084.72998,1066.02002,1070.060059,1070.060059,985200,1070.060059,[],None,0.5868521365091101,0.19721800581081214,0.21592985768007783,1076.0920044499994,1
2019-01-30,1077.359985,1099.52002,1076.640015,1097.98999,1097.98999,1472600,1097.98999,[],None,0.9016608606510357,0.06687192594581592,0.03146721340314845,1078.7435058999993,1
2019-01-31,1112.23999,1127.670044,1105.25,1125.890015,1125.890015,2011600,1125.890015,[],None,0.608831320759225,0.07939453642463933,0.3117741428161357,1082.3040039499992,1
2019-02-01,1122.290039,1134.400024,1114.25,1118.619995,1118.619995,1655800,1118.619995,['bearish harami'],None,0.18213596172391439,0.600991095593734,0.21687294268235166,1086.9615051499993,1
2019-02-04,1119.01001,1142.339966,1117.51001,1141.420044,1141.420044,3920400,1141.420044,[],None,0.9025402219802549,0.037048877573526144,0.06041090044621898,1090.1290100499994,1
2019-02-05,1129.630005,1152.77002,1123.599976,1151.869995,1151.869995,4114800,1151.869995,[],None,0.7624256583226293,0.030854427233634456,0.20671991444373622,1093.9265075999995,1
2019-02-06,1149.27002,1154.0,1118.359985,1122.890015,1122.890015,2412800,1122.890015,[],None,0.7401794022813969,0.13271543235882688,0.12710516535977617,1095.8025085999993,1
2019-02-07,1111.819946,1111.98999,1093.589966,1105.910034,1105.910034,1914900,1105.910034,['hanging man'],sell,0.321190450621155,0.009241509684985268,0.6695680396938597,1097.0155090999995,1
2019-02-08,1094.880005,1105.099976,1094.23999,1102.380005,1102.380005,1088300,1102.380005,[],None,0.6906086250939959,0.25045805768073764,0.05893331722526643,1098.1930115499995,1
2019-02-11,1103.75,1113.430054,1100.0,1102.119995,1102.119995,924900,1102.119995,['shooting star'],None,0.12136995130473724,0.7207755084231218,0.15785454027214102,1100.0755127499995,1
2019-02-12,1111.01001,1132.859985,1111.01001,1127.579956,1127.579956,1751800,1127.579956,[],None,0.7583507990283745,0.24164920097162548,0.0,1103.8790100499996,1
2019-02-13,1133.040039,1142.849976,1126.0,1128.630005,1128.630005,1402100,1128.630005,['shooting star'],None,0.26172345883460035,0.5821929360611557,0.15608360510424393,1105.9850097999995,1
2019-02-14,1125.0,1136.130005,1117.089966,1129.199951,1129.199951,1055300,1129.199951,[],None,0.2205852099357601,0.36397267883747164,0.4154421112267682,1107.9695068499993,1
2019-02-15,1139.300049,1139.300049,1116.719971,1119.630005,1119.630005,1391300,1119.630005,"['dark cloud cover', 'bearish engulfing']",None,0.8711238287130806,0.0,0.12887617128691944,1108.9950073499992,1
2019-02-19,1116.640015,1129.640015,1116.640015,1126.51001,1126.51001,1099000,1126.51001,[],None,0.759230384615386,0.24076961538461406,0.0,1109.955505399999,1
2019-02-20,1128.880005,1130.930054,1111.75,1120.589966,1120.589966,1204500,1120.589966,['dark cloud cover'],sell,0.432221880084384,0.10688442274458415,0.4608936971710318,1112.0535034499992,1
2019-02-21,1118.780029,1119.150024,1097.97998,1104.209961,1104.209961,1663600,1104.209961,[],None,0.6882398543904783,0.01747729008026709,0.29428285552925465,1113.0434997999992,1
2019-02-22,1109.699951,1117.25,1100.5,1116.560059,1116.560059,1471800,1116.560059,['bullish harami'],buy,0.4095586865671555,0.04119050746269193,0.5492508059701525,1114.671502749999,1
2019-02-25,1121.930054,1125.400024,1114.109985,1117.329956,1117.329956,1310400,1117.329956,[],None,0.40744748534525854,0.3073479197016157,0.2852045949531257,1115.4625000499993,1
2019-02-26,1114.369995,1126.439941,1106.699951,1122.01001,1122.01001,1751300,1122.01001,"['bullish engulfing', 'piercing line']",buy,0.3870323642514477,0.22441404478928897,0.38855359095926334,1117.5700012999991,1
2019-02-27,1114.01001,1125.72998,1108.560059,1122.890015,1122.890015,1104600,1122.890015,[],None,0.5171838006709466,0.16540349836205384,0.31741270096699953,1120.2114990999994,1
2019-02-28,1119.0,1133.98999,1118.410034,1126.550049,1126.550049,1371100,1126.550049,['three white soldiers'],buy,0.4846001490633174,0.47753286337907963,0.037866987557603024,1121.6395020499992,1
2019-03-01,1131.0,1150.0,1131.0,1148.52002,1148.52002,1704300,1148.52002,['three white soldiers'],buy,0.9221063157894701,0.07789368421052993,0.0,1122.7710022999993,1
2019-03-04,1154.560059,1165.52002,1138.25,1153.420044,1153.420044,1774500,1153.420044,[],None,0.041804699813199675,0.40190513244948295,0.5562901677373174,1124.511004749999,1
2019-03-05,1156.0,1176.48999,1153.02002,1169.189941,1169.189941,2004700,1169.189941,[],None,0.5619922394447046,0.3110378496436047,0.1269699109116908,1125.8994995999992,1
2019-03-06,1171.76001,1174.73999,1163.050049,1164.939941,1164.939941,1180100,1164.939941,[],None,0.5834134663297124,0.2549183096818064,0.16166822398848127,1126.5529968999992,1
2019-03-07,1160.5,1163.579956,1141.709961,1150.849976,1150.849976,1504300,1150.849976,[],None,0.4412449111213799,0.140830210523598,0.41792487835502207,1127.9509949499993,1
2019-03-08,1133.900024,1153.449951,1130.199951,1149.969971,1149.969971,1184700,1149.969971,[],None,0.6911805161290304,0.1496765591397879,0.15914292473118172,1130.1539917999992,1
2019-03-11,1152.0,1179.910034,1151.569946,1179.26001,1179.26001,1501600,1179.26001,[],None,0.9618886857373216,0.022936555454592524,0.015174758808085864,1133.997992049999,1
2019-03-12,1182.300049,1205.709961,1182.300049,1197.25,1197.25,2111000,1197.25,['three white soldiers'],buy,0.638616283563988,0.36138371643601197,0.0,1138.7544922999991,1
2019-03-13,1205.930054,1207.119995,1197.910034,1199.060059,1199.060059,1294400,1199.060059,[],None,0.7459309545393299,0.12920152430613843,0.12486752115453165,1142.3284974499988,1
2019-03-14,1199.02002,1204.699951,1191.22998,1192.530029,1192.530029,1365100,1192.530029,[],None,0.48181180197046636,0.4216735878644527,0.09651461016508096,1145.523498649999,1
2019-03-15,1198.0,1201.719971,1187.01001,1190.300049,1190.300049,2594300,1190.300049,['three black crows'],sell,0.5234514897762166,0.2528878900494693,0.22366062017431412,1148.5785035499991,1
2019-03-18,1189.689941,1194.949951,1181.47998,1188.550049,1188.550049,1222100,1188.550049,['three black crows'],None,0.08462468107764645,0.3904989847416873,0.5248763341806663,1152.0245057499992,1
2019-03-19,1191.719971,1203.410034,1189.459961,1202.459961,1202.459961,1489400,1202.459961,[],None,0.7698877274692436,0.06810523500486174,0.16200703752589465,1155.8220032999993,1
2019-03-20,1201.400024,1229.98999,1199.589966,1226.430054,1226.430054,2075400,1226.430054,[],None,0.8233555999824168,0.11710306544495173,0.05954133457263141,1161.1140076999995,1
2019-03-21,1220.0,1236.439941,1216.579956,1236.130005,1236.130005,1407500,1236.130005,['three white soldiers'],None,0.8121861622755476,0.015606054083127768,0.17220778364132464,1167.7100098999995,1
2019-03-22,1228.849976,1233.630005,1206.0,1207.650024,1207.650024,1721100,1207.650024,[],None,0.7672800638291579,0.17300138020242906,0.059718555968413016,1172.2645081499993,1
2019-03-25,1199.560059,1209.439941,1190.0,1197.380005,1197.380005,1378800,1197.380005,[],None,0.11214303582505303,0.5082259251712818,0.3796310390036651,1176.2670105999991,1
2019-03-26,1205.189941,1207.650024,1181.76001,1189.839966,1189.839966,1537600,1189.839966,['three black crows'],sell,0.5928917226541495,0.09502053571697312,0.31208774162887737,1179.6585083999992,1
2019-03-27,1191.920044,1191.920044,1164.22998,1178.01001,1178.01001,1471400,1178.01001,['three black crows'],sell,0.5023474846428686,0.0,0.49765251535713134,1182.414508149999,1
2019-03-28,1175.5,1177.25,1163.430054,1172.27002,1172.27002,1120100,1172.27002,"['hanging man', 'three black crows']",None,0.23371871351740822,0.12662857003927444,0.6396527164433173,1184.7005066999989,1
2019-03-29,1180.180054,1183.969971,1166.380005,1176.890015,1176.890015,1544500,1176.890015,['three black crows'],None,0.18704066852658943,0.21545902931251024,0.5975003021609003,1186.119006449999,1
2019-04-01,1187.540039,1200.199951,1186.359985,1198.97998,1198.97998,1385300,1198.97998,[],None,0.8265873630036437,0.08814841019118012,0.08526422680517619,1188.397003249999,1
2019-04-02,1200.050049,1205.810059,1191.23999,1205.540039,1205.540039,914400,1205.540039,['hammer'],buy,0.3767991764486552,0.0185325134699042,0.6046683100814406,1190.214508149999,1
2019-04-03,1212.699951,1220.599976,1205.079956,1210.810059,1210.810059,1109600,1210.810059,[],None,0.12177123483089286,0.5090215734258041,0.36920719174330296,1192.508014049999,1
2019-04-04,1211.290039,1220.550049,1209.040039,1219.449951,1219.449951,1051100,1219.449951,[],None,0.708940478765883,0.0955775016702759,0.1954820195638411,1195.938012799999,1
2019-04-05,1219.300049,1220.390015,1210.030029,1211.449951,1211.449951,1000600,1211.449951,[],None,0.7577324911442871,0.10520921553368999,0.13705829332202293,1199.0120117999988,1
2019-04-08,1211.109985,1213.949951,1204.699951,1208.280029,1208.280029,1087500,1208.280029,[],None,0.30594118918919333,0.3070233513513518,0.3870354594594549,1200.463012749999,1
2019-04-09,1201.890015,1207.150024,1198.380005,1202.689941,1202.689941,983400,1202.689941,[],None,0.09121143295130113,0.5085602437121193,0.4002283233365796,1200.735009799999,1
2019-04-10,1205.089966,1208.939941,1200.660034,1206.449951,1206.449951,775500,1206.449951,[],None,0.1642512409861652,0.30072680768032856,0.5350219513335063,1201.1045043999989,1
2019-04-11,1208.900024,1212.73999,1204.540039,1209.589966,1209.589966,849900,1209.589966,[],None,0.08413977107911608,0.3841515638325167,0.5317086650883672,1201.9575012499988,1
2019-04-12,1215.619995,1223.050049,1213.290039,1222.72998,1222.72998,1215600,1222.72998,[],None,0.7284813232773405,0.03279392131769096,0.23872475540496849,1203.578997799999,1
2019-04-15,1224.089966,1229.300049,1214.560059,1226.530029,1226.530029,1189800,1226.530029,['hammer'],buy,0.16554034297173903,0.18792550062787863,0.6465341564003824,1205.477996799999,1
2019-04-16,1230.0,1235.97998,1225.040039,1231.910034,1231.910034,1131100,1231.910034,['three white soldiers'],buy,0.17459271489672387,0.37202632080008835,0.4533809643031878,1206.9505004499988,1
2019-04-17,1237.0,1245.099976,1232.900024,1240.140015,1240.140015,1518300,1240.140015,['three white soldiers'],buy,0.2573792913283564,0.40655577989159675,0.33606492878004685,1207.6359984999988,1
2019-04-18,1245.0,1245.939941,1239.410034,1241.469971,1241.469971,1237500,1241.469971,[],None,0.5405940697164542,0.14394401022864128,0.3154619200549045,1207.9029967999988,1
2019-04-22,1236.670044,1254.339966,1233.369995,1253.76001,1253.76001,954200,1253.76001,"['bullish engulfing', 'piercing line']",buy,0.8149732777408235,0.02765649985877609,0.15737022240040038,1210.2084960999987,1
2019-04-23,1256.640015,1274.430054,1251.969971,1270.589966,1270.589966,1593400,1270.589966,[],None,0.6210997083136377,0.17097390067525278,0.20792639101110955,1213.8689941499988,1
2019-04-24,1270.589966,1274.0,1259.810059,1260.050049,1260.050049,1169800,1260.050049,[],None,0.742773842400049,0.2403134727621471,0.016912684837803966,1217.3794982999989,1
2019-04-25,1270.300049,1272.800049,1258.0,1267.339966,1267.339966,1567200,1267.339966,['hanging man'],None,0.20000494592956763,0.16891835966218824,0.6310766944082441,1221.845996099999,1
2019-04-26,1273.380005,1278.910034,1265.0,1277.420044,1277.420044,1361400,1277.420044,['hammer'],buy,0.2904406272479262,0.10711620115378832,0.6024431715982854,1227.103497299999,1
2019-04-29,1280.51001,1296.969971,1271.709961,1296.199951,1296.199951,3618400,1296.199951,[],None,0.6211375609115005,0.03048375673643567,0.3483786823520639,1233.0689940999987,1
2019-04-30,1190.630005,1200.97998,1183.0,1198.959961,1198.959961,6658900,1198.959961,['three white soldiers'],None,0.4632906154511855,0.11234823398024023,0.42436115056857426,1233.0679931499988,1
2019-05-01,1197.5,1199.25,1171.680054,1173.319946,1173.319946,3717000,1173.319946,[],None,0.8770439376268587,0.06347491576515947,0.05948114660798179,1231.4569884999987,1
2019-05-02,1172.599976,1179.380005,1158.329956,1166.51001,1166.51001,2254900,1166.51001,[],None,0.2893088752429992,0.3220908891946062,0.3886002355623946,1229.241986049999,1
2019-05-03,1177.410034,1191.400024,1173.550049,1189.550049,1189.550049,2079400,1189.550049,[],None,0.6801138376944444,0.10364020117675667,0.21624596112879896,1227.7469909499991,1
2019-05-06,1172.0,1195.430054,1171.160034,1193.459961,1193.459961,1588700,1193.459961,[],None,0.8842168650870531,0.0811739339316536,0.034609200981293234,1226.847491449999,1
2019-05-07,1185.810059,1194.77002,1165.0,1178.859985,1178.859985,1830200,1178.859985,['bearish harami'],sell,0.2334588287142526,0.3009726227929992,0.4655685484927482,1225.376489249999,1
2019-05-08,1177.290039,1184.27002,1167.630005,1170.780029,1170.780029,1276000,1170.780029,['shooting star'],sell,0.39122620983214174,0.41946963389155445,0.18930415627630384,1223.7809936499991,1
2019-05-09,1162.599976,1174.069946,1154.640015,1167.969971,1167.969971,1477800,1167.969971,[],None,0.27637746114486883,0.3139473320826537,0.4096752067724775,1221.856994649999,1
2019-05-10,1168.839966,1176.280029,1146.369995,1167.640015,1167.640015,1582500,1167.640015,[],None,0.0401186772305259,0.2487480622723468,0.7111332604971273,1219.7594970999992,1
2019-05-13,1145.23999,1151.969971,1125.5,1136.589966,1136.589966,2281300,1136.589966,[],None,0.326786304374872,0.25424965520362514,0.4189640404215029,1215.452496399999,1
2019-05-14,1142.319946,1144.869995,1123.530029,1124.859985,1124.859985,2019600,1124.859985,['three black crows'],None,0.8181812941970019,0.11949639469903298,0.06232231110396512,1210.368994199999,1
2019-05-15,1122.550049,1178.300049,1121.400024,1170.800049,1170.800049,2965100,1170.800049,['bullish engulfing'],buy,0.8479785377950199,0.1318101354085523,0.020211326796427873,1207.313494949999,1
2019-05-16,1171.839966,1194.160034,1168.449951,1184.5,1184.5,1765400,1184.5,[],None,0.4924151353381483,0.37572939768417,0.13185546697768172,1204.531494199999,0
2019-05-17,1175.829956,1186.290039,1166.420044,1168.780029,1168.780029,1268100,1168.780029,['shooting star'],None,0.3548026559644338,0.5264260509376038,0.1187712930979625,1200.8969970999992,0
2019-05-20,1153.0,1153.0,1138.140015,1144.660034,1144.660034,1530100,1144.660034,[],None,0.5612365019210972,0.0,0.43876349807890286,1195.4419982999993,0
2019-05-21,1154.47998,1158.0,1143.310059,1154.439941,1154.439941,1028100,1154.439941,['doji'],None,0.0027256065902496545,0.23962111216102977,0.7576532812487206,1189.6344970499993,0
2019-05-22,1151.25,1163.780029,1151.0,1155.849976,1155.849976,941300,1155.849976,"['inverse hammer', 'bullish engulfing']",None,0.3599347075033996,0.6205035215491322,0.019561770947468096,1184.4244933999994,0
2019-05-23,1146.069946,1150.050049,1133.160034,1145.339966,1145.339966,1260700,1145.339966,[],None,0.04321961821822366,0.23564828095178625,0.7211321008299901,1178.3244933999993,0
2019-05-24,1152.0,1154.359985,1136.709961,1138.609985,1138.609985,927700,1138.609985,[],None,0.7586400449087166,0.1337100164849661,0.10764993860631732,1171.3839904499994,0
2019-05-28,1141.47998,1156.48999,1138.670044,1139.560059,1139.560059,1047400,1139.560059,['shooting star'],None,0.10774000100786785,0.8423151226159666,0.0499448763761655,1163.5519958499995,0
2019-05-29,1132.699951,1135.0,1111.949951,1119.939941,1119.939941,1811500,1119.939941,['three black crows'],None,0.553578432739991,0.0997849939494684,0.3466365733105406,1159.6009948499993,0
2019-05-30,1120.150024,1126.800049,1115.900024,1121.410034,1121.410034,904400,1121.410034,[],None,0.1155969825757258,0.49449565482647895,0.3899073625977953,1157.0054992499995,0
2019-05-31,1105.640015,1113.400024,1103.349976,1106.5,1106.5,1579100,1106.5,[],None,0.08557023807249939,0.6865662731163064,0.22786348881119423,1154.0049987499995,0
2019-06-03,1066.930054,1067.0,1027.030029,1038.73999,1038.73999,4844500,1038.73999,[],None,0.7052810721328745,0.0017499637415316787,0.2929689641255938,1146.4644957999994,0
2019-06-04,1044.48999,1058.439941,1036.030029,1054.48999,1054.48999,3025600,1054.48999,['bullish harami'],None,0.44623111416055383,0.17625910356096186,0.3775097822784843,1139.5159972499994,0
2019-06-05,1055.0,1056.810059,1033.0,1044.640015,1044.640015,2349400,1044.640015,[],None,0.43510958960664864,0.07602076920514632,0.48886964118820503,1132.8049987499994,0
2019-06-06,1046.209961,1050.0,1035.51001,1047.76001,1047.76001,1451000,1047.76001,"['hammer', 'bullish harami']",None,0.10697377983007171,0.15458878853608796,0.7384374316338403,1126.6539977999994,0
2019-06-07,1054.280029,1073.430054,1051.150024,1068.369995,1068.369995,2191400,1068.369995,[],None,0.6324033674999571,0.2271118575693091,0.1404847749307338,1121.6739989999994,0
2019-06-10,1077.0,1094.839966,1075.280029,1082.76001,1082.76001,1425500,1082.76001,"['inverse hammer', 'three white soldiers']",None,0.2944799873332909,0.6175866517361505,0.0879333609305586,1117.4299987499994,0
2019-06-11,1096.98999,1104.01001,1079.569946,1081.040039,1081.040039,1675400,1081.040039,[],None,0.6526149440525248,0.2872341087159167,0.060150947231558505,1114.6525023999993,0
2019-06-12,1079.949951,1082.52002,1069.599976,1079.099976,1079.099976,1183500,1079.099976,[],None,0.0657873146562108,0.1989210717858146,0.7352916135579746,1112.3645019499995,0
2019-06-13,1084.709961,1096.589966,1082.569946,1091.01001,1091.01001,1040700,1091.01001,[],None,0.44936091389313104,0.39799914693417454,0.1526399391726944,1108.3749999999995,0
2019-06-14,1089.73999,1094.76001,1081.47998,1086.300049,1086.300049,1229100,1086.300049,['bearish harami'],None,0.2590311166465826,0.3780127002725122,0.36295618308090516,1103.4650024499995,0
2019-06-17,1089.099976,1101.280029,1088.0,1093.890015,1093.890015,988500,1093.890015,['inverse hammer'],None,0.3606949201692236,0.5564757426358073,0.08282933719496911,1099.7205017499996,0
2019-06-18,1111.5,1118.780029,1100.790039,1105.23999,1105.23999,1726300,1105.23999,[],None,0.34797184434232337,0.4046710976493038,0.24735705800837282,1097.7494995499994,0
2019-06-19,1107.23999,1109.430054,1096.030029,1104.51001,1104.51001,1335700,1104.51001,['hanging man'],None,0.2037294706539791,0.16343730701994266,0.6328332223260783,1095.2530029999994,0
2019-06-20,1121.699951,1122.719971,1107.0,1113.199951,1113.199951,1200900,1113.199951,['three black crows'],None,0.5407134656927807,0.06488688815010742,0.3943996461571119,1093.1205017499992,0
2019-06-21,1109.859985,1126.569946,1109.719971,1125.369995,1125.369995,2538700,1125.369995,"['rising three methods', 'bullish engulfing', 'piercing line']",None,0.9204767366123622,0.071213814857295,0.008309448530342864,1092.1220031999992,0
2019-06-24,1120.0,1123.569946,1113.310059,1116.699951,1116.699951,1211800,1116.699951,['bearish harami'],None,0.3216457452211601,0.3479517854338957,0.3304024693449442,1091.026501499999,0
2019-06-25,1115.079956,1115.699951,1084.599976,1087.579956,1087.579956,1582200,1087.579956,[],None,0.8842450837982965,0.01993554657198327,0.09581936962972029,1088.4274963499993,0
2019-06-26,1091.0,1095.119995,1073.689941,1080.319946,1080.319946,1734900,1080.319946,['three black crows'],None,0.4983680395765668,0.19225313197997687,0.3093788284434563,1086.4464965999991,0
2019-06-27,1086.75,1088.459961,1075.849976,1076.630005,1076.630005,1203900,1076.630005,['three black crows'],None,0.8025382266513382,0.13560372990134517,0.06185804344731655,1084.2074951499992,0
2019-06-28,1077.22998,1082.800049,1073.800049,1082.800049,1082.800049,1683600,1082.800049,['bullish harami'],None,0.6188965555555418,0.0,0.38110344444445826,1083.0224975999993,0
2019-07-01,1101.040039,1108.589966,1095.329956,1100.0,1100.0,1459800,1100.0,[],None,0.07843425457446726,0.5693756641209203,0.35219008130461243,1086.0854980999993,0
2019-07-02,1104.829956,1112.890015,1099.670044,1112.599976,1112.599976,1031500,1112.599976,[],None,0.587748641808665,0.02193945811227416,0.3903119000790608,1088.9909973999995,0
2019-07-03,1118.5,1127.98999,1114.849976,1122.98999,1122.98999,1007700,1122.98999,[],None,0.34170359331428507,0.38051709838360714,0.2777793083021078,1092.9084961499996,0
2019-07-05,1119.369995,1134.650024,1117.5,1132.670044,1132.670044,1489700,1132.670044,['three white soldiers'],None,0.7755119759599124,0.11545056729950146,0.10903745674058613,1097.1539978499993,0
2019-07-08,1125.869995,1127.209961,1111.76001,1116.790039,1116.790039,1494400,1116.790039,[],None,0.587701281382705,0.08672946600283711,0.3255692526144578,1099.5750000499993,0
2019-07-09,1110.319946,1127.859985,1107.150024,1124.290039,1124.290039,1473600,1124.290039,['piercing line'],None,0.6745591167457965,0.17237820969339676,0.15306267356080674,1101.6515014999993,0
2019-07-10,1132.319946,1142.339966,1130.660034,1140.910034,1140.910034,1535500,1140.910034,[],None,0.735457021496351,0.12242639768793234,0.14211658081571668,1104.6450012499995,0
2019-07-11,1146.160034,1153.23999,1139.530029,1144.079956,1144.079956,1300200,1144.079956,[],None,0.15172019818290908,0.5164096382185206,0.3318701635985703,1107.8940002499994,0
2019-07-12,1142.930054,1147.5,1138.560059,1145.339966,1145.339966,1093900,1145.339966,['piercing line'],None,0.2695668796919412,0.2416161359454133,0.4888169843626455,1110.6104980499993,0
2019-07-15,1145.339966,1150.680054,1140.0,1150.51001,1150.51001,1058200,1150.51001,[],None,0.48408406923785186,0.01592164234375246,0.49999428841839566,1113.820996099999,1
2019-07-16,1146.72998,1158.579956,1146.72998,1153.459961,1153.459961,1267600,1153.459961,['three white soldiers'],None,0.5679320363180457,0.4320679636819543,0.0,1116.7994933999992,1
2019-07-17,1150.920044,1158.439941,1146.619995,1146.73999,1146.73999,976900,1146.73999,"['shooting star', 'bearish harami']",None,0.3536440860220429,0.6362040063465673,0.010151907631389892,1118.8744933999992,1
2019-07-18,1142.0,1148.170044,1132.859985,1147.23999,1147.23999,1273800,1147.23999,['hammer'],None,0.3422579886857435,0.06074790436796702,0.5969941069462895,1121.0109923999994,1
2019-07-19,1149.319946,1151.579956,1131.25,1131.550049,1131.550049,1159200,1131.550049,"['dark cloud cover', 'bearish engulfing']",None,0.8740745430044263,0.11116649735985466,0.014758959635719032,1121.9284972999994,1
2019-07-22,1135.469971,1140.02002,1125.209961,1139.209961,1139.209961,1445700,1139.209961,"['hammer', 'bullish harami']",buy,0.2525303916750134,0.054696541046859774,0.6927730672781268,1122.6204955999995,1
2019-07-23,1143.449951,1148.859985,1132.849976,1148.050049,1148.050049,1032400,1148.050049,['hammer'],None,0.2873263843886575,0.05058935319774666,0.6620842624135959,1124.1880004999996,1
2019-07-24,1132.619995,1145.459961,1128.51001,1139.72998,1139.72998,1359600,1139.72998,['three white soldiers'],None,0.4194693542181938,0.33805295366340193,0.24247769211840423,1126.7955016999995,1
2019-07-25,1138.949951,1143.589966,1123.709961,1135.939941,1135.939941,2738100,1135.939941,"['bearish harami', 'falling three methods']",None,0.1514089156416192,0.233401098239158,0.6151899861192228,1129.5765014499996,1
2019-07-26,1228.0,1268.390015,1228.0,1245.219971,1245.219971,6060800,1245.219971,[],None,0.42634227791200396,0.573657722087996,0.0,1138.0059997499995,1
2019-07-29,1242.5,1248.98999,1230.199951,1241.839966,1241.839966,2069100,1241.839966,['bearish harami'],sell,0.03512680308965813,0.34539523840264735,0.6194779585076945,1145.9579955999993,1
2019-07-30,1227.0,1236.910034,1225.319946,1228.0,1228.0,1430800,1228.0,[],None,0.08628062185550331,0.7687632742736772,0.14495610387081947,1152.3579955999994,1
2019-07-31,1224.869995,1234.910034,1208.180054,1218.199951,1218.199951,1998000,1218.199951,[],None,0.2495341934412201,0.37560967123806127,0.3748561353207186,1157.6379943499992,1
2019-08-01,1217.630005,1236.300049,1207.0,1211.780029,1211.780029,1771300,1211.780029,['shooting star'],sell,0.1996575500607518,0.6372018012666121,0.16314064867263608,1162.0774962999992,1
2019-08-02,1203.0,1209.5,1190.0,1196.319946,1196.319946,1745500,1196.319946,['three black crows'],sell,0.34256687179486806,0.3333333333333333,0.3240997948717986,1165.2599913999993,1
2019-08-05,1172.969971,1176.880005,1142.75,1154.75,1154.75,2392000,1154.75,['three black crows'],None,0.5338402675299929,0.11456294834999285,0.3515967841200142,1167.1579894499994,1
2019-08-06,1165.52002,1181.400024,1161.530029,1171.079956,1171.079956,1800700,1171.079956,['bullish harami'],buy,0.279815671820758,0.5193794965725952,0.20080483160664683,1169.4974852999994,1
2019-08-07,1157.800049,1179.869995,1150.839966,1175.910034,1175.910034,1534300,1175.910034,[],None,0.6238362696778582,0.13640913000810365,0.23975460031403817,1171.2474852999994,1
2019-08-08,1186.430054,1206.280029,1174.0,1206.189941,1206.189941,1505800,1206.189941,['three white soldiers'],None,0.6121396916960686,0.0027908277281883265,0.38506948057574303,1174.3529845499993,1
2019-08-09,1199.98999,1204.459961,1184.890015,1188.900024,1188.900024,1020900,1188.900024,['bearish harami'],sell,0.5666835258513213,0.22840998130500564,0.204906492843673,1176.5309874499994,1
2019-08-12,1180.0,1185.609985,1168.719971,1174.5,1174.5,1103200,1174.5,[],None,0.3256362013672682,0.3321480372958856,0.3422157613368462,1177.7304869499992,1
2019-08-13,1174.349976,1205.430054,1172.98999,1196.72998,1196.72998,1421700,1196.72998,['bullish engulfing'],None,0.6898877881375379,0.2681891749658659,0.04192303689659613,1179.8939878999993,1
2019-08-14,1176.069946,1182.790039,1161.069946,1164.25,1164.25,1771500,1164.25,[],None,0.5441940787270166,0.3093952222027749,0.14641069907020846,1180.7694883999993,1
2019-08-15,1168.430054,1176.420044,1163.0,1169.319946,1169.319946,1425300,1169.319946,['bullish harami'],buy,0.06631066187265465,0.5290666707202979,0.40462266740704744,1181.8734861999994,1
2019-08-16,1180.790039,1183.839966,1173.0,1179.209961,1179.209961,1245800,1179.209961,[],None,0.1457641103302314,0.2813594618285725,0.5728764278411961,1184.2564817999994,1
2019-08-19,1191.829956,1209.390015,1190.400024,1200.439941,1200.439941,1222500,1200.439941,[],None,0.453395949476758,0.47130480472581043,0.07529924579743161,1187.3179807999993,1
2019-08-20,1195.349976,1198.0,1183.050049,1183.530029,1183.530029,1010300,1183.530029,[],None,0.7906344977317927,0.1772597114197913,0.03210579084841595,1189.0919797999993,1
2019-08-21,1195.819946,1200.560059,1187.920044,1191.579956,1191.579956,707600,1191.579956,[],None,0.3354418487636329,0.3750084948475027,0.2895496563888644,1191.6844785999995,1
2019-08-22,1193.800049,1198.780029,1178.910034,1191.52002,1191.52002,867600,1191.52002,['three black crows'],sell,0.11474733637326084,0.25062814560346214,0.634624518023277,1194.4634825499993,1
2019-08-23,1185.170044,1195.670044,1150.0,1153.579956,1153.579956,1812700,1153.579956,['three black crows'],None,0.6917025961262474,0.22991000402802347,0.07838739984572911,1189.8814817999996,1
2019-08-26,1159.449951,1171.859985,1154.849976,1171.180054,1171.180054,1058300,1171.180054,['bullish harami'],None,0.6896000466548733,0.0399724068341246,0.27042754651100204,1186.3484861999996,1
2019-08-27,1183.0,1185.0,1164.560059,1170.819946,1170.819946,1173000,1170.819946,[],None,0.59589477288608,0.09784764055825754,0.3062575865556625,1183.4894834999996,1
2019-08-28,1164.869995,1178.5,1160.25,1173.75,1173.75,840500,1173.75,[],None,0.48657561643835523,0.2602739726027397,0.25315041095890506,1181.2669859499997,1
2019-08-29,1186.420044,1199.189941,1185.280029,1194.23999,1194.23999,981800,1194.23999,[],None,0.5621851525732176,0.35585782282447426,0.0819570246023082,1180.3899839999995,1
2019-08-30,1200.349976,1200.349976,1185.719971,1190.530029,1190.530029,903200,1190.530029,[],None,0.6712196612372975,0.0,0.3287803387627025,1180.1004881499996,1
2019-09-03,1181.849976,1189.079956,1163.709961,1169.550049,1169.550049,1295400,1169.550049,[],None,0.4848218141154548,0.2849815303471705,0.23019665553737473,1180.8404905999996,1
2019-09-04,1179.449951,1184.880005,1171.530029,1182.27002,1182.27002,1065600,1182.27002,['hammer'],buy,0.21124150335550282,0.19550484585141256,0.5932536507930846,1181.3999937999995,1
2019-09-05,1193.660034,1214.0,1192.689941,1212.189941,1212.189941,1319700,1212.189941,[],None,0.8695380430434365,0.08493918294641595,0.045522774010147524,1183.2139891499996,1
2019-09-06,1209.140015,1212.949951,1203.26001,1206.319946,1206.319946,948600,1206.319946,['bearish harami'],sell,0.2910305645823695,0.39318464374551626,0.31578479167211426,1183.2204893999995,1
2019-09-09,1207.079956,1220.550049,1193.170044,1205.27002,1205.27002,1592700,1205.27002,[],None,0.06610429764348502,0.4919682447099595,0.4419274576465555,1184.0389891999996,1
2019-09-10,1196.089966,1210.0,1196.01001,1205.699951,1205.699951,1396100,1205.699951,[],None,0.6869186468324873,0.3073661239214563,0.005715229246056512,1185.5989867499995,1
2019-09-11,1203.890015,1222.469971,1202.280029,1220.0,1220.0,1176100,1220.0,[],None,0.7979213115124388,0.12233670606879356,0.07974198241876759,1186.7624877499995,1
2019-09-12,1223.469971,1242.420044,1222.560059,1234.969971,1234.969971,1582200,1234.969971,['three white soldiers'],buy,0.5790538109671266,0.3751298402289808,0.04581634880389256,1190.2984862999995,1
2019-09-13,1232.109985,1241.050049,1227.079956,1240.030029,1240.030029,1183800,1240.030029,['three white soldiers'],None,0.5669285093520863,0.07301454614510713,0.3600569445028066,1193.8339904499994,1
2019-09-16,1230.439941,1239.02002,1225.189941,1231.630005,1231.630005,1410900,1231.630005,['three white soldiers'],None,0.08604896617003464,0.5343436577621887,0.3796073760677766,1196.4549926499994,1
2019-09-17,1231.630005,1235.0,1223.349976,1229.880005,1229.880005,1040300,1229.880005,['bearish engulfing'],None,0.15021428282036117,0.28926936116183183,0.560516356017807,1197.9269958499995,1
2019-09-18,1230.23999,1236.23999,1216.469971,1232.650024,1232.650024,872000,1232.650024,['hammer'],buy,0.1219034741443592,0.18158637075664902,0.6965101550989918,1200.3829955999993,1
2019-09-19,1232.319946,1244.339966,1232.310059,1238.75,1238.75,827700,1238.75,[],None,0.5345057114739022,0.4646724201608508,0.0008218683652469166,1202.7414977999993,1
2019-09-20,1233.640015,1242.800049,1223.579956,1229.839966,1229.839966,1884600,1229.839966,[],None,0.19771231075728735,0.4765863515852936,0.32570133765741904,1204.657495099999,1
2019-09-23,1226.569946,1239.680054,1223.780029,1234.689941,1234.689941,1039900,1234.689941,"['bullish engulfing', 'piercing line']",None,0.5106907064611572,0.3138430914416716,0.1754662020971712,1208.712994349999,1
2019-09-24,1240.0,1247.109985,1210.640015,1218.329956,1218.329956,1790200,1218.329956,"['dark cloud cover', 'bearish engulfing']",None,0.5941886982632533,0.19495450640623044,0.21085679533051627,1211.070489449999,1
2019-09-25,1216.01001,1248.02002,1209.199951,1245.939941,1245.939941,1339900,1245.939941,"['bullish engulfing', 'piercing line']",None,0.7709911849976419,0.05358256833597715,0.17542624666638104,1214.8264891999993,1
2019-09-26,1242.140015,1244.670044,1231.819946,1242.290039,1242.290039,1158300,1242.290039,[],None,0.011674930416875548,0.1852129843679016,0.8031120852152228,1218.2534911499993,1
2019-09-27,1242.829956,1244.98999,1215.199951,1225.949951,1225.949951,1706100,1225.949951,['bearish engulfing'],sell,0.5666325243817235,0.07250859926702337,0.3608588763512531,1219.838989199999,1
2019-09-30,1220.599976,1227.410034,1213.420044,1221.140015,1221.140015,1223500,1221.140015,[],None,0.038601814583139625,0.44817894794778496,0.5132192374690754,1221.369488499999,1
2019-10-01,1222.48999,1232.859985,1205.550049,1206.0,1206.0,1225200,1206.0,['bearish engulfing'],sell,0.6038091777293059,0.3797150970987254,0.016475725171968682,1223.191986049999,1
2019-10-02,1196.5,1198.76001,1172.630005,1177.920044,1177.920044,1651500,1177.920044,[],None,0.7110582642444979,0.0864909899557986,0.20245074579970354,1222.9744872499991,1
2019-10-03,1183.339966,1191.0,1163.140015,1189.430054,1189.430054,1418400,1189.430054,"['hammer', 'bullish harami']",buy,0.21859624116810947,0.05635128662129824,0.7250524722105923,1221.836492899999,1
2019-10-04,1194.290039,1212.459961,1190.969971,1210.959961,1210.959961,1214100,1210.959961,[],None,0.7757063637535436,0.06979993941365248,0.15449369683280387,1222.068493649999,1
2019-10-07,1207.0,1218.910034,1204.359985,1208.25,1208.25,852000,1208.25,['three white soldiers'],None,0.08591036360083769,0.7326459175498334,0.18144371884932886,1222.217492649999,1
2019-10-08,1198.77002,1206.869995,1189.47998,1190.130005,1190.130005,1004300,1190.130005,[],None,0.4968376968047454,0.4657830944941744,0.03737920870108025,1221.438995349999,1
2019-10-09,1201.329956,1208.459961,1198.119995,1202.400024,1202.400024,797400,1202.400024,[],None,0.10348854145168287,0.5860693352376583,0.31044212331065885,1220.558996549999,1
2019-10-10,1198.599976,1215.619995,1197.859985,1209.469971,1209.469971,642100,1209.469971,[],None,0.6120489233958786,0.34628494015487843,0.04166613644924297,1219.283996549999,1
2019-10-11,1224.030029,1228.75,1213.640015,1215.709961,1215.709961,1116500,1215.709961,[],None,0.5506337696562877,0.31237430083484335,0.13699192950886885,1218.067993149999,1
2019-10-14,1213.890015,1225.880005,1211.880005,1217.77002,1217.77002,664800,1217.77002,['inverse hammer'],buy,0.27714321428571304,0.5792846428571465,0.1435721428571404,1217.374993899999,1
2019-10-15,1221.5,1247.130005,1220.920044,1242.23999,1242.23999,1379200,1242.23999,[],None,0.791301826050028,0.18657086136068438,0.022127312589287632,1217.9929931499992,1
2019-10-16,1241.810059,1254.189941,1238.530029,1243.0,1243.0,1149300,1243.0,['three white soldiers'],buy,0.0759864423248409,0.7145596348178735,0.2094539228572856,1218.5104919499993,1
2019-10-17,1251.400024,1263.75,1249.869995,1252.800049,1252.800049,1047900,1252.800049,"['inverse hammer', 'three white soldiers']",None,0.10086631813172373,0.788901084689816,0.11023259717846032,1219.2129943999994,1
2019-10-18,1254.689941,1258.109985,1240.140015,1244.410034,1244.410034,1581200,1244.410034,"['dark cloud cover', 'bearish engulfing']",sell,0.572060331764607,0.19031996158034442,0.23761970665504856,1219.9414977999993,1
2019-10-21,1248.699951,1253.51001,1239.98999,1244.280029,1244.280029,904700,1244.280029,[],None,0.32691682408754313,0.3557730683830301,0.3173101075294268,1220.4210021999993,1
2019-10-22,1244.47998,1248.72998,1239.849976,1241.199951,1241.199951,1143100,1241.199951,"['shooting star', 'three black crows']",None,0.36937246875113755,0.47860338801648655,0.1520241432323759,1221.5645019499993,1
2019-10-23,1240.209961,1258.040039,1240.209961,1257.630005,1257.630005,1064100,1257.630005,"['bullish engulfing', 'piercing line']",buy,0.9770032413767344,0.02299675862326553,0.0,1222.149005149999,1
2019-10-24,1259.109985,1262.900024,1252.349976,1259.109985,1259.109985,1011200,1259.109985,['doji'],None,0.0,0.3592437683695806,0.6407562316304194,1222.990002449999,1
2019-10-25,1252.0,1268.0,1249.150024,1264.300049,1264.300049,1352200,1264.300049,['bullish engulfing'],buy,0.6525233241676257,0.19628412258986758,0.15119255324250674,1224.9075073499994,1
2019-10-28,1275.0,1299.23999,1272.310059,1288.97998,1288.97998,3271400,1288.97998,[],None,0.5191242413506371,0.3809890935108567,0.0998866651385062,1228.2995055999993,1
2019-10-29,1276.0,1280.800049,1255.609985,1260.660034,1260.660034,2632700,1260.660034,[],None,0.6089689172683352,0.19055326735176079,0.200477815379904,1231.0325072999992,1
2019-10-30,1255.150024,1268.02002,1250.650024,1260.699951,1260.699951,1460200,1260.699951,[],None,0.31951227852902536,0.42142030429943206,0.2590674171715426,1235.1715026499992,1
2019-10-31,1260.0,1266.52002,1249.47998,1258.800049,1258.800049,1595000,1258.800049,['bearish harami'],None,0.07041949432043969,0.3826293834990988,0.5469511221804615,1238.6400023999993,1
2019-11-01,1265.800049,1273.0,1259.709961,1272.25,1272.25,1440600,1272.25,[],None,0.4853222025909831,0.056433242972424774,0.4582445544365922,1241.7045043499993,1
2019-11-04,1276.109985,1292.5,1276.109985,1289.609985,1289.609985,1531600,1289.609985,[],None,0.8236722175055997,0.17632778249440026,0.0,1245.7725035999993,1
2019-11-05,1291.199951,1297.23999,1289.380005,1291.439941,1291.439941,1257100,1291.439941,[],None,0.030533137149757,0.7379211283481975,0.23154573450204557,1250.8380003999994,1
2019-11-06,1290.089966,1292.98999,1282.27002,1291.01001,1291.01001,1231300,1291.01001,[],None,0.08582524018257073,0.18470014375040691,0.7294746160670224,1255.2684996999994,1
2019-11-07,1294.280029,1322.650024,1293.75,1306.939941,1306.939941,2257000,1306.939941,[],None,0.4380588749684105,0.5436010364558841,0.018340088575705425,1260.1419981999995,1
2019-11-08,1301.52002,1317.109985,1301.52002,1309.0,1309.0,1519600,1309.0,[],None,0.47979453449703136,0.5202054655029686,0.0,1264.8065001499995,1
2019-11-11,1304.0,1304.900024,1295.869995,1298.280029,1298.280029,861700,1298.280029,[],None,0.6334388294876991,0.09967011180141604,0.2668910587108848,1268.8320005999997,1
2019-11-12,1298.569946,1309.349976,1294.23999,1297.209961,1297.209961,1442600,1297.209961,[],None,0.09000570880741103,0.7134374578507182,0.1965568333418707,1271.5804991499997,1
2019-11-13,1293.180054,1302.52002,1292.150024,1296.180054,1296.180054,1026900,1296.180054,['inverse hammer'],buy,0.2892961578770164,0.6113759349569725,0.09932790716601113,1274.2395018499997,1
2019-11-14,1295.0,1315.719971,1293.939941,1309.150024,1309.150024,1447400,1309.150024,[],None,0.6496788112780422,0.3016500436408943,0.04867114508106349,1277.0570005999996,1
2019-11-15,1315.050049,1333.540039,1311.890015,1333.540039,1333.540039,1964300,1333.540039,['three white soldiers'],None,0.8540401618030543,0.0,0.14595983819694572,1281.5135008499997,1
2019-11-18,1332.339966,1333.920044,1316.160034,1319.839966,1319.839966,1399200,1319.839966,['bearish harami'],sell,0.7038284325290372,0.08896830576108689,0.20720326170987602,1285.2914976999996,1
2019-11-19,1326.630005,1326.630005,1311.77002,1312.589966,1312.589966,1093200,1312.589966,[],None,0.9448218823908591,0.0,0.05517811760914091,1288.8609984499994,1
2019-11-20,1311.359985,1313.209961,1289.209961,1301.859985,1301.859985,1444600,1301.859985,"['hanging man', 'three black crows']",sell,0.3958333333333333,0.07708233333333207,0.5270843333333346,1291.0724974499994,1
2019-11-21,1299.25,1311.119995,1290.75,1300.140015,1300.140015,1277100,1300.140015,[],None,0.04369245058724598,0.5390271327999864,0.4172804166127676,1293.1239989499995,1
2019-11-22,1303.0,1306.900024,1289.359985,1293.670044,1293.670044,1388800,1293.670044,['bearish engulfing'],None,0.5319233326676212,0.2223497906703648,0.245726876662014,1294.5924986999994,1
2019-11-25,1296.26001,1310.410034,1295.609985,1305.640015,1305.640015,1179500,1305.640015,[],None,0.6337820232892485,0.3222975140149918,0.04392046269575976,1295.4255004499996,1
2019-11-26,1309.910034,1314.01001,1304.040039,1313.0,1313.0,1095500,1313.0,['hammer'],None,0.30992728063100766,0.10130520941334403,0.5887675099556483,1298.0424987499996,1
2019-11-27,1315.420044,1317.640015,1309.469971,1312.130005,1312.130005,940400,1312.130005,[],None,0.40269538328067683,0.27172081325388175,0.32558380346544136,1300.6140014499995,1
2019-11-29,1306.599976,1309.949951,1303.22998,1304.089966,1304.089966,640100,1304.089966,['shooting star'],sell,0.37351500475224825,0.4985103358333083,0.12797465941444344,1302.8784972999995,1
2019-12-02,1302.560059,1305.439941,1280.380005,1288.859985,1288.859985,1326900,1288.859985,['three black crows'],None,0.546692298017034,0.11491976675439904,0.3383879352285669,1303.7089965499995,1
2019-12-03,1278.660034,1297.22998,1277.050049,1294.73999,1294.73999,1263500,1294.73999,[],None,0.7968290872748742,0.12338942090535487,0.07978149181977091,1303.9654967999993,1
2019-12-04,1306.099976,1324.27002,1303.050049,1318.939941,1318.939941,1775300,1318.939941,[],None,0.6050887157197401,0.2511822000133669,0.14372908426689307,1305.3404967999993,1
2019-12-05,1327.0,1327.97998,1314.319946,1326.959961,1326.959961,1220400,1326.959961,['doji'],None,0.002931105442342153,0.0717406706308395,0.9253282239268183,1307.1379943499992,1
2019-12-06,1332.75,1342.469971,1331.22998,1339.390015,1339.390015,1648400,1339.390015,[],None,0.5907491385001996,0.2740176571315814,0.135233204368219,1308.7604980499993,1
2019-12-09,1338.859985,1357.550049,1336.069946,1342.98999,1342.98999,1542100,1342.98999,['inverse hammer'],None,0.1922711916232435,0.6778393474183991,0.1298894609583574,1310.4599975499993,1
2019-12-10,1339.939941,1348.0,1334.0,1342.890015,1342.890015,880300,1342.890015,['three white soldiers'],buy,0.21071957142856132,0.36499892857143224,0.4242815000000064,1312.6904968499994,1
2019-12-11,1348.300049,1349.890015,1341.099976,1344.25,1344.25,1024000,1344.25,[],None,0.4607543834560864,0.18088270143056337,0.3583629151133502,1315.0424987999993,1
2019-12-12,1343.209961,1354.579956,1338.199951,1348.48999,1348.48999,1455700,1348.48999,"['bullish engulfing', 'piercing line']",None,0.32234599439988076,0.3717926826029669,0.30586132299715235,1317.6579955999991,1
2019-12-13,1347.900024,1351.349976,1341.660034,1346.869995,1346.869995,1658500,1346.869995,['bearish harami'],None,0.1062987786717419,0.35603432920444195,0.5376668921238161,1319.5439941499994,1
2019-12-16,1355.0,1363.530029,1350.609985,1360.699951,1360.699951,1406400,1360.699951,[],None,0.4411711755780454,0.21904553885419942,0.33978328556775517,1320.9019897499993,1
2019-12-17,1362.410034,1364.329956,1350.77002,1354.890015,1354.890015,1647400,1354.890015,"['dark cloud cover', 'bearish engulfing']",sell,0.5545762900355863,0.14158783640276967,0.303835873561644,1322.6544921999994,1
2019-12-18,1357.0,1359.430054,1350.459961,1351.910034,1351.910034,1166500,1351.910034,[],None,0.5674373721654901,0.2709062213736193,0.16165640646089066,1324.6204955999995,1
2019-12-19,1351.910034,1357.530029,1348.75,1356.439941,1356.439941,1446100,1356.439941,[],None,0.5159330339341803,0.12415539857555387,0.3599115674902658,1327.3494933999996,1
2019-12-20,1363.099976,1364.0,1350.72998,1351.219971,1351.219971,2504500,1351.219971,"['dark cloud cover', 'bearish engulfing']",sell,0.8952514766368133,0.06782386160684271,0.03692466175634405,1329.9034911999993,1
2019-12-23,1358.72998,1361.849976,1348.0,1350.630005,1350.630005,996800,1350.630005,[],None,0.5848367535077392,0.22527085967512925,0.18989238681713155,1332.7514892499994,1
2019-12-24,1350.209961,1352.01001,1344.170044,1344.430054,1344.430054,673400,1344.430054,['three black crows'],None,0.7372362329122462,0.2295990824449932,0.033164684642760636,1334.6909911999994,1
2019-12-26,1346.550049,1363.199951,1345.51001,1362.469971,1362.469971,1183100,1362.469971,[],None,0.8999420631193717,0.0412652591662157,0.058792677714412586,1337.1644897499993,1
2019-12-27,1364.0,1367.050049,1353.0,1354.640015,1354.640015,1160600,1354.640015,[],None,0.6661887798398488,0.21708458098615574,0.11672663917399541,1339.2899902499994,1
2019-12-30,1356.810059,1357.0,1337.839966,1339.709961,1339.709961,999700,1339.709961,[],None,0.8924878734557513,0.009913395769552908,0.09759873077469579,1341.0709899999995,1
2019-12-31,1335.790039,1340.660034,1332.130005,1339.390015,1339.390015,975700,1339.390015,[],None,0.4220356108988567,0.14888800495286073,0.42907638414828253,1343.5974914999995,1
